ds,y,hour,is_weekend,node,signal
2025-11-12 14:20:00,21725.526,14,0,master01 (192.168.10.201),NET_TX_BW
2025-11-12 14:30:00,22696.849333333335,14,0,master01 (192.168.10.201),NET_TX_BW
2025-11-12 14:40:00,24301.055,14,0,master01 (192.168.10.201),NET_TX_BW
2025-11-12 14:50:00,22262.006666666668,14,0,master01 (192.168.10.201),NET_TX_BW
2025-11-12 15:00:00,23569.344666666664,15,0,master01 (192.168.10.201),NET_TX_BW
2025-11-12 15:10:00,21431.183,15,0,master01 (192.168.10.201),NET_TX_BW
2025-11-12 15:20:00,24831.83,15,0,master01 (192.168.10.201),NET_TX_BW
2025-11-12 15:30:00,23541.75166666667,15,0,master01 (192.168.10.201),NET_TX_BW
2025-11-12 15:40:00,22754.345666666668,15,0,master01 (192.168.10.201),NET_TX_BW
2025-11-12 15:50:00,21352.62266666667,15,0,master01 (192.168.10.201),NET_TX_BW
2025-11-12 16:00:00,22932.77666666667,16,0,master01 (192.168.10.201),NET_TX_BW
2025-11-12 16:10:00,24474.378999999997,16,0,master01 (192.168.10.201),NET_TX_BW
2025-11-12 16:20:00,21278.707,16,0,master01 (192.168.10.201),NET_TX_BW
2025-11-12 16:30:00,21052.38366666667,16,0,master01 (192.168.10.201),NET_TX_BW
2025-11-12 16:40:00,22853.710666666662,16,0,master01 (192.168.10.201),NET_TX_BW
2025-11-12 16:50:00,21566.229,16,0,master01 (192.168.10.201),NET_TX_BW
2025-11-12 17:00:00,21466.725333333332,17,0,master01 (192.168.10.201),NET_TX_BW
2025-11-12 17:10:00,22998.795666666665,17,0,master01 (192.168.10.201),NET_TX_BW
2025-11-12 17:20:00,22296.22466666667,17,0,master01 (192.168.10.201),NET_TX_BW
2025-11-12 17:30:00,23126.605000000003,17,0,master01 (192.168.10.201),NET_TX_BW
2025-11-12 17:40:00,21560.746000000003,17,0,master01 (192.168.10.201),NET_TX_BW
2025-11-12 17:50:00,23742.556,17,0,master01 (192.168.10.201),NET_TX_BW
2025-11-12 18:00:00,22921.784999999996,18,0,master01 (192.168.10.201),NET_TX_BW
2025-11-12 18:10:00,21298.177,18,0,master01 (192.168.10.201),NET_TX_BW
2025-11-12 18:20:00,21146.11333333333,18,0,master01 (192.168.10.201),NET_TX_BW
2025-11-12 18:30:00,21147.843666666668,18,0,master01 (192.168.10.201),NET_TX_BW
2025-11-12 18:40:00,21254.326333333334,18,0,master01 (192.168.10.201),NET_TX_BW
2025-11-12 18:50:00,21140.93833333333,18,0,master01 (192.168.10.201),NET_TX_BW
2025-11-12 19:00:00,24194.133,19,0,master01 (192.168.10.201),NET_TX_BW
2025-11-12 19:10:00,23033.154333333332,19,0,master01 (192.168.10.201),NET_TX_BW
2025-11-12 19:20:00,23280.963333333333,19,0,master01 (192.168.10.201),NET_TX_BW
2025-11-12 19:30:00,24656.855,19,0,master01 (192.168.10.201),NET_TX_BW
2025-11-12 19:40:00,21275.88933333333,19,0,master01 (192.168.10.201),NET_TX_BW
2025-11-12 19:50:00,22981.364,19,0,master01 (192.168.10.201),NET_TX_BW
2025-11-12 20:00:00,24004.247,20,0,master01 (192.168.10.201),NET_TX_BW
2025-11-12 20:10:00,22110.635999999995,20,0,master01 (192.168.10.201),NET_TX_BW
2025-11-12 20:20:00,20825.018,20,0,master01 (192.168.10.201),NET_TX_BW
2025-11-12 20:30:00,23697.056,20,0,master01 (192.168.10.201),NET_TX_BW
2025-11-12 20:40:00,22940.861,20,0,master01 (192.168.10.201),NET_TX_BW
2025-11-12 20:50:00,22102.821333333333,20,0,master01 (192.168.10.201),NET_TX_BW
2025-11-12 21:00:00,22417.99366666667,21,0,master01 (192.168.10.201),NET_TX_BW
2025-11-12 21:10:00,21211.280666666666,21,0,master01 (192.168.10.201),NET_TX_BW
2025-11-12 21:20:00,22277.937333333335,21,0,master01 (192.168.10.201),NET_TX_BW
2025-11-12 21:30:00,21263.767,21,0,master01 (192.168.10.201),NET_TX_BW
2025-11-12 21:40:00,21094.806666666667,21,0,master01 (192.168.10.201),NET_TX_BW
2025-11-12 21:50:00,22616.023333333334,21,0,master01 (192.168.10.201),NET_TX_BW
2025-11-12 22:00:00,23649.787666666663,22,0,master01 (192.168.10.201),NET_TX_BW
2025-11-12 22:10:00,23278.196333333333,22,0,master01 (192.168.10.201),NET_TX_BW
2025-11-12 22:20:00,24379.316,22,0,master01 (192.168.10.201),NET_TX_BW
2025-11-12 22:30:00,22939.8,22,0,master01 (192.168.10.201),NET_TX_BW
2025-11-12 22:40:00,22761.563333333335,22,0,master01 (192.168.10.201),NET_TX_BW
2025-11-12 22:50:00,21229.101,22,0,master01 (192.168.10.201),NET_TX_BW
2025-11-12 23:00:00,21992.305666666663,23,0,master01 (192.168.10.201),NET_TX_BW
2025-11-12 23:10:00,22648.496666666662,23,0,master01 (192.168.10.201),NET_TX_BW
2025-11-12 23:20:00,20606.924,23,0,master01 (192.168.10.201),NET_TX_BW
2025-11-12 23:30:00,20602.487666666668,23,0,master01 (192.168.10.201),NET_TX_BW
2025-11-12 23:40:00,22054.11766666667,23,0,master01 (192.168.10.201),NET_TX_BW
2025-11-12 23:50:00,21495.731999999996,23,0,master01 (192.168.10.201),NET_TX_BW
2025-11-13 00:00:00,22270.973000000005,0,0,master01 (192.168.10.201),NET_TX_BW
2025-11-13 00:10:00,21015.056333333338,0,0,master01 (192.168.10.201),NET_TX_BW
2025-11-13 00:20:00,22243.953666666665,0,0,master01 (192.168.10.201),NET_TX_BW
2025-11-13 00:30:00,21525.817666666662,0,0,master01 (192.168.10.201),NET_TX_BW
2025-11-13 00:40:00,22149.783000000003,0,0,master01 (192.168.10.201),NET_TX_BW
2025-11-13 00:50:00,20863.466666666667,0,0,master01 (192.168.10.201),NET_TX_BW
2025-11-13 01:00:00,21086.124666666667,1,0,master01 (192.168.10.201),NET_TX_BW
2025-11-13 01:10:00,21852.686333333335,1,0,master01 (192.168.10.201),NET_TX_BW
2025-11-13 01:20:00,22590.305333333337,1,0,master01 (192.168.10.201),NET_TX_BW
2025-11-13 01:30:00,20657.13433333333,1,0,master01 (192.168.10.201),NET_TX_BW
2025-11-13 01:40:00,20747.344666666664,1,0,master01 (192.168.10.201),NET_TX_BW
2025-11-13 01:50:00,22659.832,1,0,master01 (192.168.10.201),NET_TX_BW
2025-11-13 02:00:00,20695.32333333333,2,0,master01 (192.168.10.201),NET_TX_BW
2025-11-13 02:10:00,22098.75933333333,2,0,master01 (192.168.10.201),NET_TX_BW
2025-11-13 02:20:00,20818.090000000004,2,0,master01 (192.168.10.201),NET_TX_BW
2025-11-13 02:30:00,20830.73733333333,2,0,master01 (192.168.10.201),NET_TX_BW
2025-11-13 02:40:00,23847.649,2,0,master01 (192.168.10.201),NET_TX_BW
2025-11-13 02:50:00,21412.889333333333,2,0,master01 (192.168.10.201),NET_TX_BW
2025-11-13 03:00:00,20927.405333333332,3,0,master01 (192.168.10.201),NET_TX_BW
2025-11-13 03:10:00,23858.430666666667,3,0,master01 (192.168.10.201),NET_TX_BW
2025-11-13 03:20:00,20482.80133333333,3,0,master01 (192.168.10.201),NET_TX_BW
2025-11-13 03:30:00,20561.264000000003,3,0,master01 (192.168.10.201),NET_TX_BW
2025-11-13 03:40:00,22351.715,3,0,master01 (192.168.10.201),NET_TX_BW
2025-11-13 03:50:00,21529.619,3,0,master01 (192.168.10.201),NET_TX_BW
2025-11-13 04:00:00,22116.20466666667,4,0,master01 (192.168.10.201),NET_TX_BW
2025-11-13 04:10:00,22349.776,4,0,master01 (192.168.10.201),NET_TX_BW
2025-11-13 04:20:00,22984.656333333336,4,0,master01 (192.168.10.201),NET_TX_BW
2025-11-13 04:30:00,20415.942333333332,4,0,master01 (192.168.10.201),NET_TX_BW
2025-11-13 04:40:00,20832.329,4,0,master01 (192.168.10.201),NET_TX_BW
2025-11-13 04:50:00,20825.384666666665,4,0,master01 (192.168.10.201),NET_TX_BW
2025-11-13 05:00:00,20916.071333333333,5,0,master01 (192.168.10.201),NET_TX_BW
2025-11-13 05:10:00,22835.26033333333,5,0,master01 (192.168.10.201),NET_TX_BW
2025-11-13 05:20:00,21476.666666666664,5,0,master01 (192.168.10.201),NET_TX_BW
2025-11-13 05:30:00,20776.663666666667,5,0,master01 (192.168.10.201),NET_TX_BW
2025-11-13 05:40:00,20900.002999999997,5,0,master01 (192.168.10.201),NET_TX_BW
2025-11-13 05:50:00,21801.033000000003,5,0,master01 (192.168.10.201),NET_TX_BW
2025-11-13 06:00:00,20718.969,6,0,master01 (192.168.10.201),NET_TX_BW
2025-11-13 06:10:00,20807.750333333333,6,0,master01 (192.168.10.201),NET_TX_BW
2025-11-13 06:20:00,20803.110666666667,6,0,master01 (192.168.10.201),NET_TX_BW
2025-11-13 06:30:00,22393.124,6,0,master01 (192.168.10.201),NET_TX_BW
2025-11-13 06:40:00,24217.946,6,0,master01 (192.168.10.201),NET_TX_BW
2025-11-13 06:50:00,22574.554,6,0,master01 (192.168.10.201),NET_TX_BW
2025-11-13 07:00:00,22362.299333333336,7,0,master01 (192.168.10.201),NET_TX_BW
2025-11-13 07:10:00,22527.611666666668,7,0,master01 (192.168.10.201),NET_TX_BW
2025-11-13 07:20:00,22181.832666666665,7,0,master01 (192.168.10.201),NET_TX_BW
2025-11-13 07:30:00,22031.500333333333,7,0,master01 (192.168.10.201),NET_TX_BW
2025-11-13 07:40:00,22460.224,7,0,master01 (192.168.10.201),NET_TX_BW
2025-11-13 07:50:00,22604.51033333333,7,0,master01 (192.168.10.201),NET_TX_BW
2025-11-13 08:00:00,22473.439,8,0,master01 (192.168.10.201),NET_TX_BW
2025-11-13 08:10:00,23379.683,8,0,master01 (192.168.10.201),NET_TX_BW
2025-11-13 08:20:00,22180.393666666663,8,0,master01 (192.168.10.201),NET_TX_BW
2025-11-13 08:30:00,22411.695333333333,8,0,master01 (192.168.10.201),NET_TX_BW
2025-11-13 08:40:00,23158.827666666668,8,0,master01 (192.168.10.201),NET_TX_BW
2025-11-13 08:50:00,21027.229,8,0,master01 (192.168.10.201),NET_TX_BW
2025-11-13 09:00:00,20766.82166666667,9,0,master01 (192.168.10.201),NET_TX_BW
2025-11-13 09:10:00,20888.299666666662,9,0,master01 (192.168.10.201),NET_TX_BW
2025-11-13 09:20:00,20756.365,9,0,master01 (192.168.10.201),NET_TX_BW
2025-11-13 09:30:00,22466.27433333333,9,0,master01 (192.168.10.201),NET_TX_BW
2025-11-13 09:40:00,23002.267333333333,9,0,master01 (192.168.10.201),NET_TX_BW
2025-11-13 09:50:00,21201.409666666663,9,0,master01 (192.168.10.201),NET_TX_BW
2025-11-13 10:00:00,23945.317000000003,10,0,master01 (192.168.10.201),NET_TX_BW
2025-11-13 10:10:00,20815.45666666667,10,0,master01 (192.168.10.201),NET_TX_BW
2025-11-13 10:20:00,21947.93433333333,10,0,master01 (192.168.10.201),NET_TX_BW
2025-11-13 10:30:00,21050.255333333334,10,0,master01 (192.168.10.201),NET_TX_BW
2025-11-13 10:40:00,23700.964,10,0,master01 (192.168.10.201),NET_TX_BW
2025-11-13 10:50:00,21473.834,10,0,master01 (192.168.10.201),NET_TX_BW
2025-11-13 11:00:00,21434.401,11,0,master01 (192.168.10.201),NET_TX_BW
2025-11-13 11:10:00,21211.479,11,0,master01 (192.168.10.201),NET_TX_BW
2025-11-13 11:20:00,21928.795,11,0,master01 (192.168.10.201),NET_TX_BW
2025-11-13 11:30:00,21102.827666666668,11,0,master01 (192.168.10.201),NET_TX_BW
2025-11-13 11:40:00,22759.854,11,0,master01 (192.168.10.201),NET_TX_BW
2025-11-13 11:50:00,22542.909,11,0,master01 (192.168.10.201),NET_TX_BW
2025-11-13 12:00:00,21135.085333333333,12,0,master01 (192.168.10.201),NET_TX_BW
2025-11-13 12:10:00,20829.183333333334,12,0,master01 (192.168.10.201),NET_TX_BW
2025-11-13 12:20:00,22807.195,12,0,master01 (192.168.10.201),NET_TX_BW
2025-11-13 12:30:00,22470.77766666667,12,0,master01 (192.168.10.201),NET_TX_BW
2025-11-13 12:40:00,22091.747333333333,12,0,master01 (192.168.10.201),NET_TX_BW
2025-11-13 12:50:00,22553.016333333337,12,0,master01 (192.168.10.201),NET_TX_BW
2025-11-13 13:00:00,24564.984666666664,13,0,master01 (192.168.10.201),NET_TX_BW
2025-11-13 13:10:00,23512.784999999996,13,0,master01 (192.168.10.201),NET_TX_BW
2025-11-13 13:20:00,23377.803666666667,13,0,master01 (192.168.10.201),NET_TX_BW
2025-11-13 13:30:00,24843.851333333332,13,0,master01 (192.168.10.201),NET_TX_BW
2025-11-13 13:40:00,23687.581,13,0,master01 (192.168.10.201),NET_TX_BW
2025-11-13 13:50:00,23623.267666666667,13,0,master01 (192.168.10.201),NET_TX_BW
2025-11-13 14:00:00,22911.379666666668,14,0,master01 (192.168.10.201),NET_TX_BW
2025-11-13 14:10:00,21355.560333333335,14,0,master01 (192.168.10.201),NET_TX_BW
2025-11-13 14:20:00,21823.294,14,0,master01 (192.168.10.201),NET_TX_BW
2025-11-13 14:30:00,23556.384,14,0,master01 (192.168.10.201),NET_TX_BW
2025-11-13 14:40:00,23126.295333333335,14,0,master01 (192.168.10.201),NET_TX_BW
2025-11-13 14:50:00,23289.036,14,0,master01 (192.168.10.201),NET_TX_BW
2025-11-13 15:00:00,21982.518333333333,15,0,master01 (192.168.10.201),NET_TX_BW
2025-11-13 15:10:00,21480.503333333338,15,0,master01 (192.168.10.201),NET_TX_BW
2025-11-13 15:20:00,21916.333666666666,15,0,master01 (192.168.10.201),NET_TX_BW
2025-11-13 15:30:00,21533.653,15,0,master01 (192.168.10.201),NET_TX_BW
2025-11-13 15:40:00,21270.782,15,0,master01 (192.168.10.201),NET_TX_BW
2025-11-13 15:50:00,23414.730333333333,15,0,master01 (192.168.10.201),NET_TX_BW
2025-11-13 16:00:00,21214.762,16,0,master01 (192.168.10.201),NET_TX_BW
2025-11-13 16:10:00,21141.617666666665,16,0,master01 (192.168.10.201),NET_TX_BW
2025-11-13 16:20:00,23127.043,16,0,master01 (192.168.10.201),NET_TX_BW
2025-11-13 16:30:00,23125.165333333334,16,0,master01 (192.168.10.201),NET_TX_BW
2025-11-13 16:40:00,21413.155666666666,16,0,master01 (192.168.10.201),NET_TX_BW
2025-11-13 16:50:00,23248.27733333333,16,0,master01 (192.168.10.201),NET_TX_BW
2025-11-13 17:00:00,23009.10066666666,17,0,master01 (192.168.10.201),NET_TX_BW
2025-11-13 17:10:00,23263.576333333334,17,0,master01 (192.168.10.201),NET_TX_BW
2025-11-13 17:20:00,23278.666333333334,17,0,master01 (192.168.10.201),NET_TX_BW
2025-11-13 17:30:00,23058.945000000003,17,0,master01 (192.168.10.201),NET_TX_BW
2025-11-13 17:40:00,21414.803333333333,17,0,master01 (192.168.10.201),NET_TX_BW
2025-11-13 17:50:00,21925.060333333335,17,0,master01 (192.168.10.201),NET_TX_BW
2025-11-13 18:00:00,23629.19966666667,18,0,master01 (192.168.10.201),NET_TX_BW
2025-11-13 18:10:00,25356.318333333333,18,0,master01 (192.168.10.201),NET_TX_BW
2025-11-13 18:20:00,21762.842,18,0,master01 (192.168.10.201),NET_TX_BW
2025-11-13 18:30:00,21618.246333333336,18,0,master01 (192.168.10.201),NET_TX_BW
2025-11-13 18:40:00,23450.107666666667,18,0,master01 (192.168.10.201),NET_TX_BW
2025-11-13 18:50:00,21603.411,18,0,master01 (192.168.10.201),NET_TX_BW
2025-11-13 19:00:00,21563.374666666667,19,0,master01 (192.168.10.201),NET_TX_BW
2025-11-13 19:10:00,21583.846666666668,19,0,master01 (192.168.10.201),NET_TX_BW
2025-11-13 19:20:00,22850.002666666667,19,0,master01 (192.168.10.201),NET_TX_BW
2025-11-13 19:30:00,21315.176,19,0,master01 (192.168.10.201),NET_TX_BW
2025-11-13 19:40:00,21783.744666666666,19,0,master01 (192.168.10.201),NET_TX_BW
2025-11-13 19:50:00,23556.08433333333,19,0,master01 (192.168.10.201),NET_TX_BW
2025-11-13 20:00:00,21370.874333333333,20,0,master01 (192.168.10.201),NET_TX_BW
2025-11-13 20:10:00,22871.512,20,0,master01 (192.168.10.201),NET_TX_BW
2025-11-13 20:20:00,21532.153333333332,20,0,master01 (192.168.10.201),NET_TX_BW
2025-11-13 20:30:00,22704.715333333337,20,0,master01 (192.168.10.201),NET_TX_BW
2025-11-13 20:40:00,21040.367,20,0,master01 (192.168.10.201),NET_TX_BW
2025-11-13 20:50:00,22457.754,20,0,master01 (192.168.10.201),NET_TX_BW
2025-11-13 21:00:00,22652.91066666667,21,0,master01 (192.168.10.201),NET_TX_BW
2025-11-13 21:10:00,22982.431000000004,21,0,master01 (192.168.10.201),NET_TX_BW
2025-11-13 21:20:00,21024.296,21,0,master01 (192.168.10.201),NET_TX_BW
2025-11-13 21:30:00,22987.259,21,0,master01 (192.168.10.201),NET_TX_BW
2025-11-13 21:40:00,22988.765,21,0,master01 (192.168.10.201),NET_TX_BW
2025-11-13 21:50:00,23212.56633333333,21,0,master01 (192.168.10.201),NET_TX_BW
2025-11-13 22:00:00,24274.390999999996,22,0,master01 (192.168.10.201),NET_TX_BW
2025-11-13 22:10:00,23246.742333333335,22,0,master01 (192.168.10.201),NET_TX_BW
2025-11-13 22:20:00,23028.197999999997,22,0,master01 (192.168.10.201),NET_TX_BW
2025-11-13 22:30:00,22175.716,22,0,master01 (192.168.10.201),NET_TX_BW
2025-11-13 22:40:00,21632.533,22,0,master01 (192.168.10.201),NET_TX_BW
2025-11-13 22:50:00,20965.043,22,0,master01 (192.168.10.201),NET_TX_BW
2025-11-13 23:00:00,21578.68033333333,23,0,master01 (192.168.10.201),NET_TX_BW
2025-11-13 23:10:00,22333.349666666665,23,0,master01 (192.168.10.201),NET_TX_BW
2025-11-13 23:20:00,20562.816333333332,23,0,master01 (192.168.10.201),NET_TX_BW
2025-11-13 23:30:00,20693.073,23,0,master01 (192.168.10.201),NET_TX_BW
2025-11-13 23:40:00,20770.551333333333,23,0,master01 (192.168.10.201),NET_TX_BW
2025-11-13 23:50:00,21751.319333333333,23,0,master01 (192.168.10.201),NET_TX_BW
2025-11-14 00:00:00,21470.699666666667,0,0,master01 (192.168.10.201),NET_TX_BW
2025-11-14 00:10:00,20698.480666666663,0,0,master01 (192.168.10.201),NET_TX_BW
2025-11-14 00:20:00,20541.100333333332,0,0,master01 (192.168.10.201),NET_TX_BW
2025-11-14 00:30:00,22244.919,0,0,master01 (192.168.10.201),NET_TX_BW
2025-11-14 00:40:00,22345.365,0,0,master01 (192.168.10.201),NET_TX_BW
2025-11-14 00:50:00,20264.573,0,0,master01 (192.168.10.201),NET_TX_BW
2025-11-14 01:00:00,20516.586333333333,1,0,master01 (192.168.10.201),NET_TX_BW
2025-11-14 01:10:00,20744.961333333333,1,0,master01 (192.168.10.201),NET_TX_BW
2025-11-14 01:20:00,21822.886,1,0,master01 (192.168.10.201),NET_TX_BW
2025-11-14 01:30:00,22510.184333333335,1,0,master01 (192.168.10.201),NET_TX_BW
2025-11-14 01:40:00,20660.813666666665,1,0,master01 (192.168.10.201),NET_TX_BW
2025-11-14 01:50:00,22065.32833333333,1,0,master01 (192.168.10.201),NET_TX_BW
2025-11-14 02:00:00,20622.447666666667,2,0,master01 (192.168.10.201),NET_TX_BW
2025-11-14 02:10:00,20420.817000000003,2,0,master01 (192.168.10.201),NET_TX_BW
2025-11-14 02:20:00,22109.723333333335,2,0,master01 (192.168.10.201),NET_TX_BW
2025-11-14 02:30:00,21775.10266666667,2,0,master01 (192.168.10.201),NET_TX_BW
2025-11-14 02:40:00,20777.295,2,0,master01 (192.168.10.201),NET_TX_BW
2025-11-14 02:50:00,20291.368333333336,2,0,master01 (192.168.10.201),NET_TX_BW
2025-11-14 03:00:00,20311.57833333333,3,0,master01 (192.168.10.201),NET_TX_BW
2025-11-14 03:10:00,21596.841999999997,3,0,master01 (192.168.10.201),NET_TX_BW
2025-11-14 03:20:00,23580.566333333332,3,0,master01 (192.168.10.201),NET_TX_BW
2025-11-14 03:30:00,21440.243,3,0,master01 (192.168.10.201),NET_TX_BW
2025-11-14 03:40:00,21955.574666666664,3,0,master01 (192.168.10.201),NET_TX_BW
2025-11-14 03:50:00,20606.256,3,0,master01 (192.168.10.201),NET_TX_BW
2025-11-14 04:00:00,20557.962,4,0,master01 (192.168.10.201),NET_TX_BW
2025-11-14 04:10:00,20476.561,4,0,master01 (192.168.10.201),NET_TX_BW
2025-11-14 04:20:00,20554.345666666664,4,0,master01 (192.168.10.201),NET_TX_BW
2025-11-14 04:30:00,21866.641,4,0,master01 (192.168.10.201),NET_TX_BW
2025-11-14 04:40:00,22005.740666666672,4,0,master01 (192.168.10.201),NET_TX_BW
2025-11-14 04:50:00,21917.537333333337,4,0,master01 (192.168.10.201),NET_TX_BW
2025-11-14 05:00:00,21597.74266666667,5,0,master01 (192.168.10.201),NET_TX_BW
2025-11-14 05:10:00,23595.191333333332,5,0,master01 (192.168.10.201),NET_TX_BW
2025-11-14 05:20:00,20180.073,5,0,master01 (192.168.10.201),NET_TX_BW
2025-11-14 05:30:00,20449.047,5,0,master01 (192.168.10.201),NET_TX_BW
2025-11-14 05:40:00,22884.435666666668,5,0,master01 (192.168.10.201),NET_TX_BW
2025-11-14 05:50:00,20486.864333333335,5,0,master01 (192.168.10.201),NET_TX_BW
2025-11-14 06:00:00,20423.951333333334,6,0,master01 (192.168.10.201),NET_TX_BW
2025-11-14 06:10:00,20572.728,6,0,master01 (192.168.10.201),NET_TX_BW
2025-11-14 06:20:00,22062.89966666667,6,0,master01 (192.168.10.201),NET_TX_BW
2025-11-14 06:30:00,23217.426000000003,6,0,master01 (192.168.10.201),NET_TX_BW
2025-11-14 06:40:00,23117.697333333337,6,0,master01 (192.168.10.201),NET_TX_BW
2025-11-14 06:50:00,21152.512333333332,6,0,master01 (192.168.10.201),NET_TX_BW
2025-11-14 07:00:00,21738.112666666668,7,0,master01 (192.168.10.201),NET_TX_BW
2025-11-14 07:10:00,22071.387333333336,7,0,master01 (192.168.10.201),NET_TX_BW
2025-11-14 07:20:00,22444.194666666663,7,0,master01 (192.168.10.201),NET_TX_BW
2025-11-14 07:30:00,22017.732333333337,7,0,master01 (192.168.10.201),NET_TX_BW
2025-11-14 07:40:00,20717.475,7,0,master01 (192.168.10.201),NET_TX_BW
2025-11-14 07:50:00,22064.477333333336,7,0,master01 (192.168.10.201),NET_TX_BW
2025-11-14 08:00:00,22205.697666666667,8,0,master01 (192.168.10.201),NET_TX_BW
2025-11-14 08:10:00,20704.30933333333,8,0,master01 (192.168.10.201),NET_TX_BW
2025-11-14 08:20:00,20323.662666666663,8,0,master01 (192.168.10.201),NET_TX_BW
2025-11-14 08:30:00,24087.55566666667,8,0,master01 (192.168.10.201),NET_TX_BW
2025-11-14 08:40:00,20703.56666666667,8,0,master01 (192.168.10.201),NET_TX_BW
2025-11-14 08:50:00,20772.552333333333,8,0,master01 (192.168.10.201),NET_TX_BW
2025-11-14 09:00:00,20323.396333333338,9,0,master01 (192.168.10.201),NET_TX_BW
2025-11-14 09:10:00,20516.586333333333,9,0,master01 (192.168.10.201),NET_TX_BW
2025-11-14 09:20:00,22529.65033333333,9,0,master01 (192.168.10.201),NET_TX_BW
2025-11-14 09:30:00,24000.210666666662,9,0,master01 (192.168.10.201),NET_TX_BW
2025-11-14 09:40:00,21544.056666666664,9,0,master01 (192.168.10.201),NET_TX_BW
2025-11-14 09:50:00,21783.62,9,0,master01 (192.168.10.201),NET_TX_BW
2025-11-14 10:00:00,21272.746000000003,10,0,master01 (192.168.10.201),NET_TX_BW
2025-11-14 10:10:00,22952.175,10,0,master01 (192.168.10.201),NET_TX_BW
2025-11-14 10:20:00,20826.831333333335,10,0,master01 (192.168.10.201),NET_TX_BW
2025-11-14 10:30:00,20899.105333333333,10,0,master01 (192.168.10.201),NET_TX_BW
2025-11-14 10:40:00,20429.000000000004,10,0,master01 (192.168.10.201),NET_TX_BW
2025-11-14 10:50:00,21878.81166666667,10,0,master01 (192.168.10.201),NET_TX_BW
2025-11-14 11:00:00,20640.30133333333,11,0,master01 (192.168.10.201),NET_TX_BW
2025-11-14 11:10:00,20347.643000000004,11,0,master01 (192.168.10.201),NET_TX_BW
2025-11-14 11:20:00,21949.482333333333,11,0,master01 (192.168.10.201),NET_TX_BW
2025-11-14 11:30:00,20335.485666666667,11,0,master01 (192.168.10.201),NET_TX_BW
2025-11-14 11:40:00,20359.922666666665,11,0,master01 (192.168.10.201),NET_TX_BW
2025-11-14 11:50:00,21975.29433333333,11,0,master01 (192.168.10.201),NET_TX_BW
2025-11-14 12:00:00,23900.530333333332,12,0,master01 (192.168.10.201),NET_TX_BW
2025-11-14 12:10:00,20930.436,12,0,master01 (192.168.10.201),NET_TX_BW
2025-11-14 12:20:00,23790.329666666665,12,0,master01 (192.168.10.201),NET_TX_BW
2025-11-14 12:30:00,21283.867666666665,12,0,master01 (192.168.10.201),NET_TX_BW
2025-11-14 12:40:00,20212.579333333335,12,0,master01 (192.168.10.201),NET_TX_BW
2025-11-14 12:50:00,23428.00766666667,12,0,master01 (192.168.10.201),NET_TX_BW
2025-11-14 13:00:00,21849.16033333334,13,0,master01 (192.168.10.201),NET_TX_BW
2025-11-14 13:10:00,20861.941,13,0,master01 (192.168.10.201),NET_TX_BW
2025-11-14 13:20:00,21281.106666666667,13,0,master01 (192.168.10.201),NET_TX_BW
2025-11-14 13:30:00,20808.141666666663,13,0,master01 (192.168.10.201),NET_TX_BW
2025-11-14 13:40:00,21542.678,13,0,master01 (192.168.10.201),NET_TX_BW
2025-11-14 13:50:00,20779.829,13,0,master01 (192.168.10.201),NET_TX_BW
2025-11-14 14:00:00,20500.983,14,0,master01 (192.168.10.201),NET_TX_BW
2025-11-14 14:10:00,22922.25933333333,14,0,master01 (192.168.10.201),NET_TX_BW
2025-11-14 14:20:00,22832.648333333334,14,0,master01 (192.168.10.201),NET_TX_BW
2025-11-14 14:30:00,23209.288999999997,14,0,master01 (192.168.10.201),NET_TX_BW
2025-11-14 14:40:00,25750.646,14,0,master01 (192.168.10.201),NET_TX_BW
2025-11-14 14:50:00,20725.277,14,0,master01 (192.168.10.201),NET_TX_BW
2025-11-14 15:00:00,20873.48233333333,15,0,master01 (192.168.10.201),NET_TX_BW
2025-11-14 15:10:00,21242.596666666668,15,0,master01 (192.168.10.201),NET_TX_BW
2025-11-14 15:20:00,22794.956,15,0,master01 (192.168.10.201),NET_TX_BW
2025-11-14 15:30:00,20881.982333333337,15,0,master01 (192.168.10.201),NET_TX_BW
2025-11-14 15:40:00,21019.469,15,0,master01 (192.168.10.201),NET_TX_BW
2025-11-14 15:50:00,22181.158333333336,15,0,master01 (192.168.10.201),NET_TX_BW
2025-11-14 16:00:00,22381.118,16,0,master01 (192.168.10.201),NET_TX_BW
2025-11-14 16:10:00,23618.735666666667,16,0,master01 (192.168.10.201),NET_TX_BW
2025-11-14 16:20:00,22866.855333333333,16,0,master01 (192.168.10.201),NET_TX_BW
2025-11-14 16:30:00,22555.667666666664,16,0,master01 (192.168.10.201),NET_TX_BW
2025-11-14 16:40:00,22579.453666666665,16,0,master01 (192.168.10.201),NET_TX_BW
2025-11-14 16:50:00,21562.659,16,0,master01 (192.168.10.201),NET_TX_BW
2025-11-14 17:00:00,20958.01033333333,17,0,master01 (192.168.10.201),NET_TX_BW
2025-11-14 17:10:00,20920.273,17,0,master01 (192.168.10.201),NET_TX_BW
2025-11-14 17:20:00,20959.277333333335,17,0,master01 (192.168.10.201),NET_TX_BW
2025-11-14 17:30:00,22689.891333333333,17,0,master01 (192.168.10.201),NET_TX_BW
2025-11-14 17:40:00,21753.088333333333,17,0,master01 (192.168.10.201),NET_TX_BW
2025-11-14 17:50:00,20898.258,17,0,master01 (192.168.10.201),NET_TX_BW
2025-11-14 18:00:00,22369.170666666665,18,0,master01 (192.168.10.201),NET_TX_BW
2025-11-14 18:10:00,22707.407333333336,18,0,master01 (192.168.10.201),NET_TX_BW
2025-11-14 18:20:00,21728.655,18,0,master01 (192.168.10.201),NET_TX_BW
2025-11-14 18:30:00,24647.53666666667,18,0,master01 (192.168.10.201),NET_TX_BW
2025-11-14 18:40:00,21521.759,18,0,master01 (192.168.10.201),NET_TX_BW
2025-11-14 18:50:00,23223.999,18,0,master01 (192.168.10.201),NET_TX_BW
2025-11-14 19:00:00,23211.497333333333,19,0,master01 (192.168.10.201),NET_TX_BW
2025-11-14 19:10:00,23112.748666666663,19,0,master01 (192.168.10.201),NET_TX_BW
2025-11-14 19:20:00,21217.303,19,0,master01 (192.168.10.201),NET_TX_BW
2025-11-14 19:30:00,18510.55933333333,19,0,master01 (192.168.10.201),NET_TX_BW
2025-11-14 19:40:00,20723.437666666665,19,0,master01 (192.168.10.201),NET_TX_BW
2025-11-14 19:50:00,20364.377999999997,19,0,master01 (192.168.10.201),NET_TX_BW
2025-11-14 20:00:00,23886.348333333335,20,0,master01 (192.168.10.201),NET_TX_BW
2025-11-14 20:10:00,19939.236,20,0,master01 (192.168.10.201),NET_TX_BW
2025-11-14 20:20:00,20068.143333333333,20,0,master01 (192.168.10.201),NET_TX_BW
2025-11-14 20:30:00,21776.925333333333,20,0,master01 (192.168.10.201),NET_TX_BW
2025-11-14 20:40:00,22471.478333333333,20,0,master01 (192.168.10.201),NET_TX_BW
2025-11-14 20:50:00,20039.07366666667,20,0,master01 (192.168.10.201),NET_TX_BW
2025-11-14 21:00:00,20330.083666666666,21,0,master01 (192.168.10.201),NET_TX_BW
2025-11-14 21:10:00,20679.052666666663,21,0,master01 (192.168.10.201),NET_TX_BW
2025-11-14 21:20:00,20023.634,21,0,master01 (192.168.10.201),NET_TX_BW
2025-11-14 21:30:00,21695.905666666666,21,0,master01 (192.168.10.201),NET_TX_BW
2025-11-14 21:40:00,20690.790666666664,21,0,master01 (192.168.10.201),NET_TX_BW
2025-11-14 21:50:00,20041.201333333334,21,0,master01 (192.168.10.201),NET_TX_BW
2025-11-14 22:00:00,22092.188,22,0,master01 (192.168.10.201),NET_TX_BW
2025-11-14 22:10:00,21997.91,22,0,master01 (192.168.10.201),NET_TX_BW
2025-11-14 22:20:00,20188.520000000004,22,0,master01 (192.168.10.201),NET_TX_BW
2025-11-14 22:30:00,23740.687,22,0,master01 (192.168.10.201),NET_TX_BW
2025-11-14 22:40:00,21788.948666666667,22,0,master01 (192.168.10.201),NET_TX_BW
2025-11-14 22:50:00,21631.614,22,0,master01 (192.168.10.201),NET_TX_BW
2025-11-14 23:00:00,20234.731,23,0,master01 (192.168.10.201),NET_TX_BW
2025-11-14 23:10:00,19948.305,23,0,master01 (192.168.10.201),NET_TX_BW
2025-11-14 23:20:00,23694.237666666668,23,0,master01 (192.168.10.201),NET_TX_BW
2025-11-14 23:30:00,20390.852333333336,23,0,master01 (192.168.10.201),NET_TX_BW
2025-11-14 23:40:00,19724.044666666665,23,0,master01 (192.168.10.201),NET_TX_BW
2025-11-14 23:50:00,19999.440333333336,23,0,master01 (192.168.10.201),NET_TX_BW
2025-11-15 00:00:00,20466.854,0,1,master01 (192.168.10.201),NET_TX_BW
2025-11-15 00:10:00,19918.300666666662,0,1,master01 (192.168.10.201),NET_TX_BW
2025-11-15 00:20:00,21704.998,0,1,master01 (192.168.10.201),NET_TX_BW
2025-11-15 00:30:00,19738.026333333335,0,1,master01 (192.168.10.201),NET_TX_BW
2025-11-15 00:40:00,20806.573,0,1,master01 (192.168.10.201),NET_TX_BW
2025-11-15 00:50:00,21708.226333333332,0,1,master01 (192.168.10.201),NET_TX_BW
2025-11-15 01:00:00,21064.291333333334,1,1,master01 (192.168.10.201),NET_TX_BW
2025-11-15 01:10:00,19593.898666666668,1,1,master01 (192.168.10.201),NET_TX_BW
2025-11-15 01:20:00,21347.36233333333,1,1,master01 (192.168.10.201),NET_TX_BW
2025-11-15 01:30:00,19544.91966666667,1,1,master01 (192.168.10.201),NET_TX_BW
2025-11-15 01:40:00,20384.196333333333,1,1,master01 (192.168.10.201),NET_TX_BW
2025-11-15 01:50:00,20021.337000000003,1,1,master01 (192.168.10.201),NET_TX_BW
2025-11-15 02:00:00,19559.81266666667,2,1,master01 (192.168.10.201),NET_TX_BW
2025-11-15 02:10:00,19578.569,2,1,master01 (192.168.10.201),NET_TX_BW
2025-11-15 02:20:00,19698.138,2,1,master01 (192.168.10.201),NET_TX_BW
2025-11-15 02:30:00,19523.908,2,1,master01 (192.168.10.201),NET_TX_BW
2025-11-15 02:40:00,21508.919666666665,2,1,master01 (192.168.10.201),NET_TX_BW
2025-11-15 02:50:00,20968.895333333337,2,1,master01 (192.168.10.201),NET_TX_BW
2025-11-15 03:00:00,19562.386666666665,3,1,master01 (192.168.10.201),NET_TX_BW
2025-11-15 03:10:00,21750.42,3,1,master01 (192.168.10.201),NET_TX_BW
2025-11-15 03:20:00,19435.090333333337,3,1,master01 (192.168.10.201),NET_TX_BW
2025-11-15 03:30:00,22091.679666666663,3,1,master01 (192.168.10.201),NET_TX_BW
2025-11-15 03:40:00,22132.333666666666,3,1,master01 (192.168.10.201),NET_TX_BW
2025-11-15 03:50:00,21407.433333333334,3,1,master01 (192.168.10.201),NET_TX_BW
2025-11-15 04:00:00,19536.30933333333,4,1,master01 (192.168.10.201),NET_TX_BW
2025-11-15 04:10:00,21332.886333333336,4,1,master01 (192.168.10.201),NET_TX_BW
2025-11-15 04:20:00,21115.86133333333,4,1,master01 (192.168.10.201),NET_TX_BW
2025-11-15 04:30:00,21139.130666666668,4,1,master01 (192.168.10.201),NET_TX_BW
2025-11-15 04:40:00,19610.639666666662,4,1,master01 (192.168.10.201),NET_TX_BW
2025-11-15 04:50:00,20096.84766666667,4,1,master01 (192.168.10.201),NET_TX_BW
2025-11-15 05:00:00,20157.033,5,1,master01 (192.168.10.201),NET_TX_BW
2025-11-15 05:10:00,19290.415333333334,5,1,master01 (192.168.10.201),NET_TX_BW
2025-11-15 05:20:00,19227.502333333337,5,1,master01 (192.168.10.201),NET_TX_BW
2025-11-15 05:30:00,19365.230666666663,5,1,master01 (192.168.10.201),NET_TX_BW
2025-11-15 05:40:00,21459.33066666667,5,1,master01 (192.168.10.201),NET_TX_BW
2025-11-15 05:50:00,20913.122,5,1,master01 (192.168.10.201),NET_TX_BW
2025-11-15 06:00:00,20992.95466666667,6,1,master01 (192.168.10.201),NET_TX_BW
2025-11-15 06:10:00,21479.982,6,1,master01 (192.168.10.201),NET_TX_BW
2025-11-15 06:20:00,20946.388666666666,6,1,master01 (192.168.10.201),NET_TX_BW
2025-11-15 06:30:00,19577.763,6,1,master01 (192.168.10.201),NET_TX_BW
2025-11-15 06:40:00,21301.87233333333,6,1,master01 (192.168.10.201),NET_TX_BW
2025-11-15 06:50:00,19602.820333333333,6,1,master01 (192.168.10.201),NET_TX_BW
2025-11-15 07:00:00,19011.083333333336,7,1,master01 (192.168.10.201),NET_TX_BW
2025-11-15 07:10:00,19350.541666666664,7,1,master01 (192.168.10.201),NET_TX_BW
2025-11-15 07:20:00,21091.331,7,1,master01 (192.168.10.201),NET_TX_BW
2025-11-15 07:30:00,19248.234666666667,7,1,master01 (192.168.10.201),NET_TX_BW
2025-11-15 07:40:00,19591.599,7,1,master01 (192.168.10.201),NET_TX_BW
2025-11-15 07:50:00,20653.876,7,1,master01 (192.168.10.201),NET_TX_BW
2025-11-15 08:00:00,20992.964666666667,8,1,master01 (192.168.10.201),NET_TX_BW
2025-11-15 08:10:00,19166.885,8,1,master01 (192.168.10.201),NET_TX_BW
2025-11-15 08:20:00,19294.141333333333,8,1,master01 (192.168.10.201),NET_TX_BW
2025-11-15 08:30:00,19420.24233333333,8,1,master01 (192.168.10.201),NET_TX_BW
2025-11-15 08:40:00,19331.11533333333,8,1,master01 (192.168.10.201),NET_TX_BW
2025-11-15 08:50:00,20961.544,8,1,master01 (192.168.10.201),NET_TX_BW
2025-11-15 09:00:00,21318.825666666664,9,1,master01 (192.168.10.201),NET_TX_BW
2025-11-15 09:10:00,19536.251666666667,9,1,master01 (192.168.10.201),NET_TX_BW
2025-11-15 09:20:00,21046.707,9,1,master01 (192.168.10.201),NET_TX_BW
2025-11-15 09:30:00,20456.983333333337,9,1,master01 (192.168.10.201),NET_TX_BW
2025-11-15 09:40:00,21337.706333333335,9,1,master01 (192.168.10.201),NET_TX_BW
2025-11-15 09:50:00,21568.645666666667,9,1,master01 (192.168.10.201),NET_TX_BW
2025-11-15 10:00:00,21582.001666666667,10,1,master01 (192.168.10.201),NET_TX_BW
2025-11-15 10:10:00,19850.870000000003,10,1,master01 (192.168.10.201),NET_TX_BW
2025-11-15 10:20:00,19766.071333333333,10,1,master01 (192.168.10.201),NET_TX_BW
2025-11-15 10:30:00,19619.804666666667,10,1,master01 (192.168.10.201),NET_TX_BW
2025-11-15 10:40:00,20073.68733333333,10,1,master01 (192.168.10.201),NET_TX_BW
2025-11-15 10:50:00,19646.204666666665,10,1,master01 (192.168.10.201),NET_TX_BW
2025-11-15 11:00:00,19910.308333333334,11,1,master01 (192.168.10.201),NET_TX_BW
2025-11-15 11:10:00,19887.841000000004,11,1,master01 (192.168.10.201),NET_TX_BW
2025-11-15 11:20:00,21476.215666666667,11,1,master01 (192.168.10.201),NET_TX_BW
2025-11-15 11:30:00,19355.478666666662,11,1,master01 (192.168.10.201),NET_TX_BW
2025-11-15 11:40:00,19539.182,11,1,master01 (192.168.10.201),NET_TX_BW
2025-11-15 11:50:00,19625.348333333335,11,1,master01 (192.168.10.201),NET_TX_BW
2025-11-15 12:00:00,19387.178666666667,12,1,master01 (192.168.10.201),NET_TX_BW
2025-11-15 12:10:00,20291.365333333335,12,1,master01 (192.168.10.201),NET_TX_BW
2025-11-15 12:20:00,19597.654,12,1,master01 (192.168.10.201),NET_TX_BW
2025-11-15 12:30:00,19319.613333333335,12,1,master01 (192.168.10.201),NET_TX_BW
2025-11-15 12:40:00,20516.53833333333,12,1,master01 (192.168.10.201),NET_TX_BW
2025-11-15 12:50:00,19690.18,12,1,master01 (192.168.10.201),NET_TX_BW
2025-11-15 13:00:00,21320.642333333337,13,1,master01 (192.168.10.201),NET_TX_BW
2025-11-15 13:10:00,20600.04766666667,13,1,master01 (192.168.10.201),NET_TX_BW
2025-11-15 13:20:00,19963.81766666667,13,1,master01 (192.168.10.201),NET_TX_BW
2025-11-15 13:30:00,20293.90666666667,13,1,master01 (192.168.10.201),NET_TX_BW
2025-11-15 13:40:00,19979.415,13,1,master01 (192.168.10.201),NET_TX_BW
2025-11-15 13:50:00,21142.83933333333,13,1,master01 (192.168.10.201),NET_TX_BW
2025-11-15 14:00:00,20218.862333333334,14,1,master01 (192.168.10.201),NET_TX_BW
2025-11-15 14:10:00,22197.147333333334,14,1,master01 (192.168.10.201),NET_TX_BW
2025-11-15 14:20:00,19947.644333333337,14,1,master01 (192.168.10.201),NET_TX_BW
2025-11-15 14:30:00,21399.58966666667,14,1,master01 (192.168.10.201),NET_TX_BW
2025-11-15 14:40:00,24488.99233333333,14,1,master01 (192.168.10.201),NET_TX_BW
2025-11-15 14:50:00,21286.443000000003,14,1,master01 (192.168.10.201),NET_TX_BW
2025-11-15 15:00:00,20197.71033333333,15,1,master01 (192.168.10.201),NET_TX_BW
2025-11-15 15:10:00,20553.417666666668,15,1,master01 (192.168.10.201),NET_TX_BW
2025-11-15 15:20:00,20434.275,15,1,master01 (192.168.10.201),NET_TX_BW
2025-11-15 15:30:00,21883.001999999997,15,1,master01 (192.168.10.201),NET_TX_BW
2025-11-15 15:40:00,23815.86133333333,15,1,master01 (192.168.10.201),NET_TX_BW
2025-11-15 15:50:00,20860.634333333335,15,1,master01 (192.168.10.201),NET_TX_BW
2025-11-15 16:00:00,21952.030333333336,16,1,master01 (192.168.10.201),NET_TX_BW
2025-11-15 16:10:00,21226.278333333332,16,1,master01 (192.168.10.201),NET_TX_BW
2025-11-15 16:20:00,22320.048999999995,16,1,master01 (192.168.10.201),NET_TX_BW
2025-11-15 16:30:00,23171.349,16,1,master01 (192.168.10.201),NET_TX_BW
2025-11-15 16:40:00,22204.999666666667,16,1,master01 (192.168.10.201),NET_TX_BW
2025-11-15 16:50:00,20569.810666666668,16,1,master01 (192.168.10.201),NET_TX_BW
2025-11-15 17:00:00,22721.8,17,1,master01 (192.168.10.201),NET_TX_BW
2025-11-15 17:10:00,20931.500333333333,17,1,master01 (192.168.10.201),NET_TX_BW
2025-11-15 17:20:00,21333.919,17,1,master01 (192.168.10.201),NET_TX_BW
2025-11-15 17:30:00,20218.959333333332,17,1,master01 (192.168.10.201),NET_TX_BW
2025-11-15 17:40:00,20583.305,17,1,master01 (192.168.10.201),NET_TX_BW
2025-11-15 17:50:00,23744.522666666668,17,1,master01 (192.168.10.201),NET_TX_BW
2025-11-15 18:00:00,24187.602333333336,18,1,master01 (192.168.10.201),NET_TX_BW
2025-11-15 18:10:00,21810.575,18,1,master01 (192.168.10.201),NET_TX_BW
2025-11-15 18:20:00,20576.579,18,1,master01 (192.168.10.201),NET_TX_BW
2025-11-15 18:30:00,20584.41533333333,18,1,master01 (192.168.10.201),NET_TX_BW
2025-11-15 18:40:00,20991.59633333333,18,1,master01 (192.168.10.201),NET_TX_BW
2025-11-15 18:50:00,21967.423333333332,18,1,master01 (192.168.10.201),NET_TX_BW
2025-11-15 19:00:00,22405.242333333335,19,1,master01 (192.168.10.201),NET_TX_BW
2025-11-15 19:10:00,21014.72466666667,19,1,master01 (192.168.10.201),NET_TX_BW
2025-11-15 19:20:00,20577.850333333332,19,1,master01 (192.168.10.201),NET_TX_BW
2025-11-15 19:30:00,22611.402,19,1,master01 (192.168.10.201),NET_TX_BW
2025-11-15 19:40:00,22512.701999999997,19,1,master01 (192.168.10.201),NET_TX_BW
2025-11-15 19:50:00,22230.566,19,1,master01 (192.168.10.201),NET_TX_BW
2025-11-15 20:00:00,22435.478666666662,20,1,master01 (192.168.10.201),NET_TX_BW
2025-11-15 20:10:00,22970.076666666668,20,1,master01 (192.168.10.201),NET_TX_BW
2025-11-15 20:20:00,22952.393,20,1,master01 (192.168.10.201),NET_TX_BW
2025-11-15 20:30:00,23741.722666666665,20,1,master01 (192.168.10.201),NET_TX_BW
2025-11-15 20:40:00,20881.224,20,1,master01 (192.168.10.201),NET_TX_BW
2025-11-15 20:50:00,20840.908333333333,20,1,master01 (192.168.10.201),NET_TX_BW
2025-11-15 21:00:00,21640.94933333333,21,1,master01 (192.168.10.201),NET_TX_BW
2025-11-15 21:10:00,22642.065333333332,21,1,master01 (192.168.10.201),NET_TX_BW
2025-11-15 21:20:00,21007.048666666666,21,1,master01 (192.168.10.201),NET_TX_BW
2025-11-15 21:30:00,20885.371000000003,21,1,master01 (192.168.10.201),NET_TX_BW
2025-11-15 21:40:00,20733.351333333332,21,1,master01 (192.168.10.201),NET_TX_BW
2025-11-15 21:50:00,23250.406333333332,21,1,master01 (192.168.10.201),NET_TX_BW
2025-11-15 22:00:00,22503.344,22,1,master01 (192.168.10.201),NET_TX_BW
2025-11-15 22:10:00,21084.193333333333,22,1,master01 (192.168.10.201),NET_TX_BW
2025-11-15 22:20:00,20701.774666666664,22,1,master01 (192.168.10.201),NET_TX_BW
2025-11-15 22:30:00,22697.466999999997,22,1,master01 (192.168.10.201),NET_TX_BW
2025-11-15 22:40:00,21044.09266666667,22,1,master01 (192.168.10.201),NET_TX_BW
2025-11-15 22:50:00,22736.73333333333,22,1,master01 (192.168.10.201),NET_TX_BW
2025-11-15 23:00:00,22104.45566666667,23,1,master01 (192.168.10.201),NET_TX_BW
2025-11-15 23:10:00,22516.873,23,1,master01 (192.168.10.201),NET_TX_BW
2025-11-15 23:20:00,20765.306,23,1,master01 (192.168.10.201),NET_TX_BW
2025-11-15 23:30:00,21098.691333333332,23,1,master01 (192.168.10.201),NET_TX_BW
2025-11-15 23:40:00,24172.322333333337,23,1,master01 (192.168.10.201),NET_TX_BW
2025-11-15 23:50:00,24429.04366666667,23,1,master01 (192.168.10.201),NET_TX_BW
2025-11-16 00:00:00,22401.36533333333,0,1,master01 (192.168.10.201),NET_TX_BW
2025-11-16 00:10:00,23694.299,0,1,master01 (192.168.10.201),NET_TX_BW
2025-11-16 00:20:00,22856.485666666667,0,1,master01 (192.168.10.201),NET_TX_BW
2025-11-16 00:30:00,22056.289666666667,0,1,master01 (192.168.10.201),NET_TX_BW
2025-11-16 00:40:00,20378.934,0,1,master01 (192.168.10.201),NET_TX_BW
2025-11-16 00:50:00,22336.089,0,1,master01 (192.168.10.201),NET_TX_BW
2025-11-16 01:00:00,25625.008,1,1,master01 (192.168.10.201),NET_TX_BW
2025-11-16 01:10:00,23460.782,1,1,master01 (192.168.10.201),NET_TX_BW
2025-11-16 01:20:00,20802.290666666668,1,1,master01 (192.168.10.201),NET_TX_BW
2025-11-16 01:30:00,20236.118,1,1,master01 (192.168.10.201),NET_TX_BW
2025-11-16 01:40:00,21069.575333333338,1,1,master01 (192.168.10.201),NET_TX_BW
2025-11-16 01:50:00,22393.893333333333,1,1,master01 (192.168.10.201),NET_TX_BW
2025-11-16 02:00:00,22083.097666666665,2,1,master01 (192.168.10.201),NET_TX_BW
2025-11-16 02:10:00,22376.52666666667,2,1,master01 (192.168.10.201),NET_TX_BW
2025-11-16 02:20:00,20390.483,2,1,master01 (192.168.10.201),NET_TX_BW
2025-11-16 02:30:00,23629.975666666665,2,1,master01 (192.168.10.201),NET_TX_BW
2025-11-16 02:40:00,21695.663333333338,2,1,master01 (192.168.10.201),NET_TX_BW
2025-11-16 02:50:00,20412.56666666667,2,1,master01 (192.168.10.201),NET_TX_BW
2025-11-16 03:00:00,20468.817333333332,3,1,master01 (192.168.10.201),NET_TX_BW
2025-11-16 03:10:00,20234.775,3,1,master01 (192.168.10.201),NET_TX_BW
2025-11-16 03:20:00,21221.781333333332,3,1,master01 (192.168.10.201),NET_TX_BW
2025-11-16 03:30:00,22209.391333333337,3,1,master01 (192.168.10.201),NET_TX_BW
2025-11-16 03:40:00,21973.278666666665,3,1,master01 (192.168.10.201),NET_TX_BW
2025-11-16 03:50:00,21914.307999999997,3,1,master01 (192.168.10.201),NET_TX_BW
2025-11-16 04:00:00,20402.475333333336,4,1,master01 (192.168.10.201),NET_TX_BW
2025-11-16 04:10:00,20315.733,4,1,master01 (192.168.10.201),NET_TX_BW
2025-11-16 04:20:00,20015.85766666667,4,1,master01 (192.168.10.201),NET_TX_BW
2025-11-16 04:30:00,20037.154666666665,4,1,master01 (192.168.10.201),NET_TX_BW
2025-11-16 04:40:00,22127.543,4,1,master01 (192.168.10.201),NET_TX_BW
2025-11-16 04:50:00,23820.213,4,1,master01 (192.168.10.201),NET_TX_BW
2025-11-16 05:00:00,20096.820666666663,5,1,master01 (192.168.10.201),NET_TX_BW
2025-11-16 05:10:00,20089.810666666668,5,1,master01 (192.168.10.201),NET_TX_BW
2025-11-16 05:20:00,21675.709333333332,5,1,master01 (192.168.10.201),NET_TX_BW
2025-11-16 05:30:00,22130.61966666667,5,1,master01 (192.168.10.201),NET_TX_BW
2025-11-16 05:40:00,20084.078666666668,5,1,master01 (192.168.10.201),NET_TX_BW
2025-11-16 05:50:00,20304.76,5,1,master01 (192.168.10.201),NET_TX_BW
2025-11-16 06:00:00,20770.19933333333,6,1,master01 (192.168.10.201),NET_TX_BW
2025-11-16 06:10:00,20278.538333333338,6,1,master01 (192.168.10.201),NET_TX_BW
2025-11-16 06:20:00,19847.465333333337,6,1,master01 (192.168.10.201),NET_TX_BW
2025-11-16 06:30:00,20048.945,6,1,master01 (192.168.10.201),NET_TX_BW
2025-11-16 06:40:00,21395.293666666665,6,1,master01 (192.168.10.201),NET_TX_BW
2025-11-16 06:50:00,19893.461666666662,6,1,master01 (192.168.10.201),NET_TX_BW
2025-11-16 07:00:00,21093.942,7,1,master01 (192.168.10.201),NET_TX_BW
2025-11-16 07:10:00,21474.152,7,1,master01 (192.168.10.201),NET_TX_BW
2025-11-16 07:20:00,23227.901,7,1,master01 (192.168.10.201),NET_TX_BW
2025-11-16 07:30:00,19682.337,7,1,master01 (192.168.10.201),NET_TX_BW
2025-11-16 07:40:00,19772.869333333332,7,1,master01 (192.168.10.201),NET_TX_BW
2025-11-16 07:50:00,19823.826999999997,7,1,master01 (192.168.10.201),NET_TX_BW
2025-11-16 08:00:00,22770.36466666667,8,1,master01 (192.168.10.201),NET_TX_BW
2025-11-16 08:10:00,22969.525333333335,8,1,master01 (192.168.10.201),NET_TX_BW
2025-11-16 08:20:00,21458.29033333333,8,1,master01 (192.168.10.201),NET_TX_BW
2025-11-16 08:30:00,20275.07,8,1,master01 (192.168.10.201),NET_TX_BW
2025-11-16 08:40:00,19853.415333333334,8,1,master01 (192.168.10.201),NET_TX_BW
2025-11-16 08:50:00,19872.603333333333,8,1,master01 (192.168.10.201),NET_TX_BW
2025-11-16 09:00:00,19830.02966666667,9,1,master01 (192.168.10.201),NET_TX_BW
2025-11-16 09:10:00,21200.574666666667,9,1,master01 (192.168.10.201),NET_TX_BW
2025-11-16 09:20:00,21824.306,9,1,master01 (192.168.10.201),NET_TX_BW
2025-11-16 09:30:00,21055.20666666667,9,1,master01 (192.168.10.201),NET_TX_BW
2025-11-16 09:40:00,19913.450666666664,9,1,master01 (192.168.10.201),NET_TX_BW
2025-11-16 09:50:00,19781.10066666667,9,1,master01 (192.168.10.201),NET_TX_BW
2025-11-16 10:00:00,19720.386333333336,10,1,master01 (192.168.10.201),NET_TX_BW
2025-11-16 10:10:00,21800.378333333338,10,1,master01 (192.168.10.201),NET_TX_BW
2025-11-16 10:20:00,19795.464,10,1,master01 (192.168.10.201),NET_TX_BW
2025-11-16 10:30:00,21408.468666666664,10,1,master01 (192.168.10.201),NET_TX_BW
2025-11-16 10:40:00,19898.824666666664,10,1,master01 (192.168.10.201),NET_TX_BW
2025-11-16 10:50:00,19980.02,10,1,master01 (192.168.10.201),NET_TX_BW
2025-11-16 11:00:00,19396.77666666667,11,1,master01 (192.168.10.201),NET_TX_BW
2025-11-16 11:10:00,23211.100666666673,11,1,master01 (192.168.10.201),NET_TX_BW
2025-11-16 11:20:00,21213.772999999997,11,1,master01 (192.168.10.201),NET_TX_BW
2025-11-16 11:30:00,21514.941,11,1,master01 (192.168.10.201),NET_TX_BW
2025-11-16 11:40:00,19707.800666666662,11,1,master01 (192.168.10.201),NET_TX_BW
2025-11-16 11:50:00,20053.73266666667,11,1,master01 (192.168.10.201),NET_TX_BW
2025-11-16 12:00:00,19809.03266666667,12,1,master01 (192.168.10.201),NET_TX_BW
2025-11-16 12:10:00,19965.394333333337,12,1,master01 (192.168.10.201),NET_TX_BW
2025-11-16 12:20:00,20919.486666666668,12,1,master01 (192.168.10.201),NET_TX_BW
2025-11-16 12:30:00,20499.252333333337,12,1,master01 (192.168.10.201),NET_TX_BW
2025-11-16 12:40:00,21317.907,12,1,master01 (192.168.10.201),NET_TX_BW
2025-11-16 12:50:00,19614.798000000003,12,1,master01 (192.168.10.201),NET_TX_BW
2025-11-16 13:00:00,19582.744333333332,13,1,master01 (192.168.10.201),NET_TX_BW
2025-11-16 13:10:00,21340.669666666665,13,1,master01 (192.168.10.201),NET_TX_BW
2025-11-16 13:20:00,25119.134,13,1,master01 (192.168.10.201),NET_TX_BW
2025-11-16 13:30:00,23667.149,13,1,master01 (192.168.10.201),NET_TX_BW
2025-11-16 13:40:00,22101.925,13,1,master01 (192.168.10.201),NET_TX_BW
2025-11-16 13:50:00,20882.068999999996,13,1,master01 (192.168.10.201),NET_TX_BW
2025-11-16 14:00:00,22250.674333333336,14,1,master01 (192.168.10.201),NET_TX_BW
2025-11-16 14:10:00,20665.341666666667,14,1,master01 (192.168.10.201),NET_TX_BW
2025-11-16 14:20:00,20714.02633333333,14,1,master01 (192.168.10.201),NET_TX_BW
2025-11-16 14:30:00,19525.744333333332,14,1,master01 (192.168.10.201),NET_TX_BW
2025-11-16 14:40:00,19398.083666666666,14,1,master01 (192.168.10.201),NET_TX_BW
2025-11-16 14:50:00,19189.435666666664,14,1,master01 (192.168.10.201),NET_TX_BW
2025-11-16 15:00:00,19338.909,15,1,master01 (192.168.10.201),NET_TX_BW
2025-11-16 15:10:00,19280.49066666667,15,1,master01 (192.168.10.201),NET_TX_BW
2025-11-16 15:20:00,19184.16,15,1,master01 (192.168.10.201),NET_TX_BW
2025-11-16 15:30:00,19258.245333333332,15,1,master01 (192.168.10.201),NET_TX_BW
2025-11-16 15:40:00,21040.162000000004,15,1,master01 (192.168.10.201),NET_TX_BW
2025-11-16 15:50:00,19313.439666666665,15,1,master01 (192.168.10.201),NET_TX_BW
2025-11-16 16:00:00,19260.309,16,1,master01 (192.168.10.201),NET_TX_BW
2025-11-16 16:10:00,23090.123999999996,16,1,master01 (192.168.10.201),NET_TX_BW
2025-11-16 16:20:00,21327.015000000003,16,1,master01 (192.168.10.201),NET_TX_BW
2025-11-16 16:30:00,20489.871000000003,16,1,master01 (192.168.10.201),NET_TX_BW
2025-11-16 16:40:00,20889.564333333336,16,1,master01 (192.168.10.201),NET_TX_BW
2025-11-16 16:50:00,21229.018999999997,16,1,master01 (192.168.10.201),NET_TX_BW
2025-11-16 17:00:00,20803.772,17,1,master01 (192.168.10.201),NET_TX_BW
2025-11-16 17:10:00,18939.594333333334,17,1,master01 (192.168.10.201),NET_TX_BW
2025-11-16 17:20:00,19697.019,17,1,master01 (192.168.10.201),NET_TX_BW
2025-11-16 17:30:00,20514.119,17,1,master01 (192.168.10.201),NET_TX_BW
2025-11-16 17:40:00,18875.584333333332,17,1,master01 (192.168.10.201),NET_TX_BW
2025-11-16 17:50:00,20340.501333333337,17,1,master01 (192.168.10.201),NET_TX_BW
2025-11-16 18:00:00,18857.123,18,1,master01 (192.168.10.201),NET_TX_BW
2025-11-16 18:10:00,19541.923333333332,18,1,master01 (192.168.10.201),NET_TX_BW
2025-11-16 18:20:00,20103.539333333338,18,1,master01 (192.168.10.201),NET_TX_BW
2025-11-16 18:30:00,18865.30533333333,18,1,master01 (192.168.10.201),NET_TX_BW
2025-11-16 18:40:00,19372.049333333332,18,1,master01 (192.168.10.201),NET_TX_BW
2025-11-16 18:50:00,18901.964333333333,18,1,master01 (192.168.10.201),NET_TX_BW
2025-11-16 19:00:00,18795.442,19,1,master01 (192.168.10.201),NET_TX_BW
2025-11-16 19:10:00,20614.304999999997,19,1,master01 (192.168.10.201),NET_TX_BW
2025-11-16 19:20:00,20176.720666666664,19,1,master01 (192.168.10.201),NET_TX_BW
2025-11-16 19:30:00,18856.877,19,1,master01 (192.168.10.201),NET_TX_BW
2025-11-16 19:40:00,18816.909333333333,19,1,master01 (192.168.10.201),NET_TX_BW
2025-11-16 19:50:00,22078.49433333333,19,1,master01 (192.168.10.201),NET_TX_BW
2025-11-16 20:00:00,20743.933,20,1,master01 (192.168.10.201),NET_TX_BW
2025-11-16 20:10:00,21140.827666666668,20,1,master01 (192.168.10.201),NET_TX_BW
2025-11-16 20:20:00,22972.955666666665,20,1,master01 (192.168.10.201),NET_TX_BW
2025-11-16 20:30:00,20060.548000000003,20,1,master01 (192.168.10.201),NET_TX_BW
2025-11-16 20:40:00,20009.460666666662,20,1,master01 (192.168.10.201),NET_TX_BW
2025-11-16 20:50:00,21992.111333333334,20,1,master01 (192.168.10.201),NET_TX_BW
2025-11-16 21:00:00,23978.43033333333,21,1,master01 (192.168.10.201),NET_TX_BW
2025-11-16 21:10:00,22021.075999999997,21,1,master01 (192.168.10.201),NET_TX_BW
2025-11-16 21:20:00,20732.793,21,1,master01 (192.168.10.201),NET_TX_BW
2025-11-16 21:30:00,23939.297,21,1,master01 (192.168.10.201),NET_TX_BW
2025-11-16 21:40:00,20193.23266666667,21,1,master01 (192.168.10.201),NET_TX_BW
2025-11-16 21:50:00,23813.125,21,1,master01 (192.168.10.201),NET_TX_BW
2025-11-16 22:00:00,21843.829,22,1,master01 (192.168.10.201),NET_TX_BW
2025-11-16 22:10:00,20785.825666666664,22,1,master01 (192.168.10.201),NET_TX_BW
2025-11-16 22:20:00,22080.336999999996,22,1,master01 (192.168.10.201),NET_TX_BW
2025-11-16 22:30:00,20101.021333333338,22,1,master01 (192.168.10.201),NET_TX_BW
2025-11-16 22:40:00,20196.848333333335,22,1,master01 (192.168.10.201),NET_TX_BW
2025-11-16 22:50:00,20646.070333333333,22,1,master01 (192.168.10.201),NET_TX_BW
2025-11-16 23:00:00,19880.901666666665,23,1,master01 (192.168.10.201),NET_TX_BW
2025-11-16 23:10:00,19723.768999999997,23,1,master01 (192.168.10.201),NET_TX_BW
2025-11-16 23:20:00,23284.842666666667,23,1,master01 (192.168.10.201),NET_TX_BW
2025-11-16 23:30:00,19671.994333333332,23,1,master01 (192.168.10.201),NET_TX_BW
2025-11-16 23:40:00,19771.117,23,1,master01 (192.168.10.201),NET_TX_BW
2025-11-16 23:50:00,21775.181333333338,23,1,master01 (192.168.10.201),NET_TX_BW
2025-11-17 00:00:00,21170.912666666667,0,0,master01 (192.168.10.201),NET_TX_BW
2025-11-17 00:10:00,21304.129999999997,0,0,master01 (192.168.10.201),NET_TX_BW
2025-11-17 00:20:00,23087.784000000003,0,0,master01 (192.168.10.201),NET_TX_BW
2025-11-17 00:30:00,20541.584,0,0,master01 (192.168.10.201),NET_TX_BW
2025-11-17 00:40:00,23077.858,0,0,master01 (192.168.10.201),NET_TX_BW
2025-11-17 00:50:00,19965.454666666665,0,0,master01 (192.168.10.201),NET_TX_BW
2025-11-17 01:00:00,19608.279,1,0,master01 (192.168.10.201),NET_TX_BW
2025-11-17 01:10:00,19725.188666666665,1,0,master01 (192.168.10.201),NET_TX_BW
2025-11-17 01:20:00,19580.548999999995,1,0,master01 (192.168.10.201),NET_TX_BW
2025-11-17 01:30:00,21212.649,1,0,master01 (192.168.10.201),NET_TX_BW
2025-11-17 01:40:00,20514.219666666668,1,0,master01 (192.168.10.201),NET_TX_BW
2025-11-17 01:50:00,19472.177666666663,1,0,master01 (192.168.10.201),NET_TX_BW
2025-11-17 02:00:00,21242.477333333336,2,0,master01 (192.168.10.201),NET_TX_BW
2025-11-17 02:10:00,21480.394999999997,2,0,master01 (192.168.10.201),NET_TX_BW
2025-11-17 02:20:00,19499.38766666667,2,0,master01 (192.168.10.201),NET_TX_BW
2025-11-17 02:30:00,21298.595,2,0,master01 (192.168.10.201),NET_TX_BW
2025-11-17 02:40:00,21501.903,2,0,master01 (192.168.10.201),NET_TX_BW
2025-11-17 02:50:00,20011.576,2,0,master01 (192.168.10.201),NET_TX_BW
2025-11-17 03:00:00,19428.766333333333,3,0,master01 (192.168.10.201),NET_TX_BW
2025-11-17 03:10:00,19524.422333333332,3,0,master01 (192.168.10.201),NET_TX_BW
2025-11-17 03:20:00,19361.477000000003,3,0,master01 (192.168.10.201),NET_TX_BW
2025-11-17 03:30:00,19699.137,3,0,master01 (192.168.10.201),NET_TX_BW
2025-11-17 03:40:00,21354.29966666667,3,0,master01 (192.168.10.201),NET_TX_BW
2025-11-17 03:50:00,19445.603333333333,3,0,master01 (192.168.10.201),NET_TX_BW
2025-11-17 04:00:00,19420.083333333336,4,0,master01 (192.168.10.201),NET_TX_BW
2025-11-17 04:10:00,19415.877666666667,4,0,master01 (192.168.10.201),NET_TX_BW
2025-11-17 04:20:00,19557.882666666665,4,0,master01 (192.168.10.201),NET_TX_BW
2025-11-17 04:30:00,21448.86466666667,4,0,master01 (192.168.10.201),NET_TX_BW
2025-11-17 04:40:00,19674.646,4,0,master01 (192.168.10.201),NET_TX_BW
2025-11-17 04:50:00,22145.45,4,0,master01 (192.168.10.201),NET_TX_BW
2025-11-17 05:00:00,22912.386333333336,5,0,master01 (192.168.10.201),NET_TX_BW
2025-11-17 05:10:00,21525.970666666668,5,0,master01 (192.168.10.201),NET_TX_BW
2025-11-17 05:20:00,22152.786666666667,5,0,master01 (192.168.10.201),NET_TX_BW
2025-11-17 05:30:00,22736.031666666662,5,0,master01 (192.168.10.201),NET_TX_BW
2025-11-17 05:40:00,21243.579,5,0,master01 (192.168.10.201),NET_TX_BW
2025-11-17 05:50:00,19569.780999999995,5,0,master01 (192.168.10.201),NET_TX_BW
2025-11-17 06:00:00,21337.413333333338,6,0,master01 (192.168.10.201),NET_TX_BW
2025-11-17 06:10:00,20057.95966666667,6,0,master01 (192.168.10.201),NET_TX_BW
2025-11-17 06:20:00,19219.360333333338,6,0,master01 (192.168.10.201),NET_TX_BW
2025-11-17 06:30:00,20931.749,6,0,master01 (192.168.10.201),NET_TX_BW
2025-11-17 06:40:00,20027.605666666663,6,0,master01 (192.168.10.201),NET_TX_BW
2025-11-17 06:50:00,19359.11566666667,6,0,master01 (192.168.10.201),NET_TX_BW
2025-11-17 07:00:00,19276.784666666663,7,0,master01 (192.168.10.201),NET_TX_BW
2025-11-17 07:10:00,19771.809,7,0,master01 (192.168.10.201),NET_TX_BW
2025-11-17 07:20:00,21055.325,7,0,master01 (192.168.10.201),NET_TX_BW
2025-11-17 07:30:00,21278.86666666667,7,0,master01 (192.168.10.201),NET_TX_BW
2025-11-17 07:40:00,19916.873666666663,7,0,master01 (192.168.10.201),NET_TX_BW
2025-11-17 07:50:00,21437.131,7,0,master01 (192.168.10.201),NET_TX_BW
2025-11-17 08:00:00,21653.358333333337,8,0,master01 (192.168.10.201),NET_TX_BW
2025-11-17 08:10:00,21477.66133333333,8,0,master01 (192.168.10.201),NET_TX_BW
2025-11-17 08:20:00,20062.878333333338,8,0,master01 (192.168.10.201),NET_TX_BW
2025-11-17 08:30:00,19855.852333333336,8,0,master01 (192.168.10.201),NET_TX_BW
2025-11-17 08:40:00,20039.466333333337,8,0,master01 (192.168.10.201),NET_TX_BW
2025-11-17 08:50:00,21720.760666666665,8,0,master01 (192.168.10.201),NET_TX_BW
2025-11-17 09:00:00,19648.103666666662,9,0,master01 (192.168.10.201),NET_TX_BW
2025-11-17 09:10:00,19583.360333333338,9,0,master01 (192.168.10.201),NET_TX_BW
2025-11-17 09:20:00,19716.869333333332,9,0,master01 (192.168.10.201),NET_TX_BW
2025-11-17 09:30:00,19511.261666666665,9,0,master01 (192.168.10.201),NET_TX_BW
2025-11-17 09:40:00,20157.397333333334,9,0,master01 (192.168.10.201),NET_TX_BW
2025-11-17 09:50:00,19782.447999999997,9,0,master01 (192.168.10.201),NET_TX_BW
2025-11-17 10:00:00,19614.40033333333,10,0,master01 (192.168.10.201),NET_TX_BW
2025-11-17 10:10:00,20889.17033333333,10,0,master01 (192.168.10.201),NET_TX_BW
2025-11-17 10:20:00,19744.70333333333,10,0,master01 (192.168.10.201),NET_TX_BW
2025-11-17 10:30:00,19636.530666666666,10,0,master01 (192.168.10.201),NET_TX_BW
2025-11-17 10:40:00,19717.511666666665,10,0,master01 (192.168.10.201),NET_TX_BW
2025-11-17 10:50:00,19783.38433333333,10,0,master01 (192.168.10.201),NET_TX_BW
2025-11-17 11:00:00,19676.638333333336,11,0,master01 (192.168.10.201),NET_TX_BW
2025-11-17 11:10:00,19970.177999999996,11,0,master01 (192.168.10.201),NET_TX_BW
2025-11-17 11:20:00,22124.189666666665,11,0,master01 (192.168.10.201),NET_TX_BW
2025-11-17 11:30:00,20603.199666666664,11,0,master01 (192.168.10.201),NET_TX_BW
2025-11-17 11:40:00,21251.860666666667,11,0,master01 (192.168.10.201),NET_TX_BW
2025-11-17 11:50:00,19741.305,11,0,master01 (192.168.10.201),NET_TX_BW
2025-11-17 12:00:00,19464.996666666662,12,0,master01 (192.168.10.201),NET_TX_BW
2025-11-17 12:10:00,21494.001,12,0,master01 (192.168.10.201),NET_TX_BW
2025-11-17 12:20:00,21241.322666666667,12,0,master01 (192.168.10.201),NET_TX_BW
2025-11-17 12:30:00,19232.868666666665,12,0,master01 (192.168.10.201),NET_TX_BW
2025-11-17 12:40:00,21606.938,12,0,master01 (192.168.10.201),NET_TX_BW
2025-11-17 12:50:00,21449.55,12,0,master01 (192.168.10.201),NET_TX_BW
2025-11-17 13:00:00,20752.459000000003,13,0,master01 (192.168.10.201),NET_TX_BW
2025-11-17 13:10:00,21946.129333333334,13,0,master01 (192.168.10.201),NET_TX_BW
2025-11-17 13:20:00,23614.346666666668,13,0,master01 (192.168.10.201),NET_TX_BW
2025-11-17 13:30:00,21113.739666666665,13,0,master01 (192.168.10.201),NET_TX_BW
2025-11-17 13:40:00,20405.950333333338,13,0,master01 (192.168.10.201),NET_TX_BW
2025-11-17 13:50:00,20741.506333333335,13,0,master01 (192.168.10.201),NET_TX_BW
2025-11-17 14:00:00,19999.216666666667,14,0,master01 (192.168.10.201),NET_TX_BW
2025-11-17 14:10:00,22085.156,14,0,master01 (192.168.10.201),NET_TX_BW
2025-11-17 14:20:00,20249.388333333332,14,0,master01 (192.168.10.201),NET_TX_BW
2025-11-17 14:30:00,21382.024333333335,14,0,master01 (192.168.10.201),NET_TX_BW
2025-11-17 14:40:00,21805.336,14,0,master01 (192.168.10.201),NET_TX_BW
2025-11-17 14:50:00,21831.851,14,0,master01 (192.168.10.201),NET_TX_BW
2025-11-17 15:00:00,22504.826666666668,15,0,master01 (192.168.10.201),NET_TX_BW
2025-11-17 15:10:00,20601.192666666662,15,0,master01 (192.168.10.201),NET_TX_BW
2025-11-17 15:20:00,22015.187333333335,15,0,master01 (192.168.10.201),NET_TX_BW
2025-11-17 15:30:00,21812.104666666663,15,0,master01 (192.168.10.201),NET_TX_BW
2025-11-17 15:40:00,22474.92933333333,15,0,master01 (192.168.10.201),NET_TX_BW
2025-11-17 15:50:00,21057.528,15,0,master01 (192.168.10.201),NET_TX_BW
2025-11-17 16:00:00,21646.407,16,0,master01 (192.168.10.201),NET_TX_BW
2025-11-17 16:10:00,23295.412999999993,16,0,master01 (192.168.10.201),NET_TX_BW
2025-11-17 16:20:00,20831.027,16,0,master01 (192.168.10.201),NET_TX_BW
2025-11-17 16:30:00,20172.356999999996,16,0,master01 (192.168.10.201),NET_TX_BW
2025-11-17 16:40:00,20408.384,16,0,master01 (192.168.10.201),NET_TX_BW
2025-11-17 16:50:00,20292.474333333335,16,0,master01 (192.168.10.201),NET_TX_BW
2025-11-17 17:00:00,21944.165999999997,17,0,master01 (192.168.10.201),NET_TX_BW
2025-11-17 17:10:00,21592.726666666666,17,0,master01 (192.168.10.201),NET_TX_BW
2025-11-17 17:20:00,22340.43066666667,17,0,master01 (192.168.10.201),NET_TX_BW
2025-11-17 17:30:00,20499.408666666663,17,0,master01 (192.168.10.201),NET_TX_BW
2025-11-17 17:40:00,22345.590999999997,17,0,master01 (192.168.10.201),NET_TX_BW
2025-11-17 17:50:00,22609.174,17,0,master01 (192.168.10.201),NET_TX_BW
2025-11-17 18:00:00,21136.832,18,0,master01 (192.168.10.201),NET_TX_BW
2025-11-17 18:10:00,20349.280333333336,18,0,master01 (192.168.10.201),NET_TX_BW
2025-11-17 18:20:00,20249.077333333335,18,0,master01 (192.168.10.201),NET_TX_BW
2025-11-17 18:30:00,20310.870666666666,18,0,master01 (192.168.10.201),NET_TX_BW
2025-11-17 18:40:00,22110.535666666667,18,0,master01 (192.168.10.201),NET_TX_BW
2025-11-17 18:50:00,20635.184333333335,18,0,master01 (192.168.10.201),NET_TX_BW
2025-11-17 19:00:00,20305.579666666665,19,0,master01 (192.168.10.201),NET_TX_BW
2025-11-17 19:10:00,22042.62266666667,19,0,master01 (192.168.10.201),NET_TX_BW
2025-11-17 19:20:00,21491.834333333332,19,0,master01 (192.168.10.201),NET_TX_BW
2025-11-17 19:30:00,20425.238333333335,19,0,master01 (192.168.10.201),NET_TX_BW
2025-11-17 19:40:00,21528.18633333333,19,0,master01 (192.168.10.201),NET_TX_BW
2025-11-17 19:50:00,22071.641000000003,19,0,master01 (192.168.10.201),NET_TX_BW
2025-11-17 20:00:00,22043.916333333334,20,0,master01 (192.168.10.201),NET_TX_BW
2025-11-17 20:10:00,20741.950666666664,20,0,master01 (192.168.10.201),NET_TX_BW
2025-11-17 20:20:00,21669.21,20,0,master01 (192.168.10.201),NET_TX_BW
2025-11-17 20:30:00,20404.816666666666,20,0,master01 (192.168.10.201),NET_TX_BW
2025-11-17 20:40:00,20351.630666666668,20,0,master01 (192.168.10.201),NET_TX_BW
2025-11-17 20:50:00,20210.325666666664,20,0,master01 (192.168.10.201),NET_TX_BW
2025-11-17 21:00:00,22229.152333333335,21,0,master01 (192.168.10.201),NET_TX_BW
2025-11-17 21:10:00,22136.943333333333,21,0,master01 (192.168.10.201),NET_TX_BW
2025-11-17 21:20:00,22116.306999999997,21,0,master01 (192.168.10.201),NET_TX_BW
2025-11-17 21:30:00,21308.183666666664,21,0,master01 (192.168.10.201),NET_TX_BW
2025-11-17 21:40:00,22657.388,21,0,master01 (192.168.10.201),NET_TX_BW
2025-11-17 21:50:00,23440.892333333333,21,0,master01 (192.168.10.201),NET_TX_BW
2025-11-17 22:00:00,22286.654333333332,22,0,master01 (192.168.10.201),NET_TX_BW
2025-11-17 22:10:00,22246.160333333333,22,0,master01 (192.168.10.201),NET_TX_BW
2025-11-17 22:20:00,22146.063,22,0,master01 (192.168.10.201),NET_TX_BW
2025-11-17 22:30:00,22274.192333333332,22,0,master01 (192.168.10.201),NET_TX_BW
2025-11-17 22:40:00,22209.933333333334,22,0,master01 (192.168.10.201),NET_TX_BW
2025-11-17 22:50:00,22169.016666666663,22,0,master01 (192.168.10.201),NET_TX_BW
2025-11-17 23:00:00,24033.95566666667,23,0,master01 (192.168.10.201),NET_TX_BW
2025-11-17 23:10:00,22409.946,23,0,master01 (192.168.10.201),NET_TX_BW
2025-11-17 23:20:00,21228.086666666662,23,0,master01 (192.168.10.201),NET_TX_BW
2025-11-17 23:30:00,22276.095,23,0,master01 (192.168.10.201),NET_TX_BW
2025-11-17 23:40:00,20342.453666666668,23,0,master01 (192.168.10.201),NET_TX_BW
2025-11-17 23:50:00,22208.20666666667,23,0,master01 (192.168.10.201),NET_TX_BW
2025-11-18 00:00:00,21677.373,0,0,master01 (192.168.10.201),NET_TX_BW
2025-11-18 00:10:00,19787.59233333333,0,0,master01 (192.168.10.201),NET_TX_BW
2025-11-18 00:20:00,21518.759666666665,0,0,master01 (192.168.10.201),NET_TX_BW
2025-11-18 00:30:00,19565.016333333333,0,0,master01 (192.168.10.201),NET_TX_BW
2025-11-18 00:40:00,19540.882666666665,0,0,master01 (192.168.10.201),NET_TX_BW
2025-11-18 00:50:00,20950.23933333333,0,0,master01 (192.168.10.201),NET_TX_BW
2025-11-18 01:00:00,21020.087333333333,1,0,master01 (192.168.10.201),NET_TX_BW
2025-11-18 01:10:00,20801.361333333334,1,0,master01 (192.168.10.201),NET_TX_BW
2025-11-18 01:20:00,19856.236666666668,1,0,master01 (192.168.10.201),NET_TX_BW
2025-11-18 01:30:00,22964.098666666665,1,0,master01 (192.168.10.201),NET_TX_BW
2025-11-18 01:40:00,19485.810666666664,1,0,master01 (192.168.10.201),NET_TX_BW
2025-11-18 01:50:00,19659.828666666668,1,0,master01 (192.168.10.201),NET_TX_BW
2025-11-18 02:00:00,19332.615,2,0,master01 (192.168.10.201),NET_TX_BW
2025-11-18 02:10:00,22063.124666666663,2,0,master01 (192.168.10.201),NET_TX_BW
2025-11-18 02:20:00,22701.538,2,0,master01 (192.168.10.201),NET_TX_BW
2025-11-18 02:30:00,19349.378333333338,2,0,master01 (192.168.10.201),NET_TX_BW
2025-11-18 02:40:00,19353.968,2,0,master01 (192.168.10.201),NET_TX_BW
2025-11-18 02:50:00,21138.890000000003,2,0,master01 (192.168.10.201),NET_TX_BW
2025-11-18 03:00:00,19573.982000000004,3,0,master01 (192.168.10.201),NET_TX_BW
2025-11-18 03:10:00,21116.175,3,0,master01 (192.168.10.201),NET_TX_BW
2025-11-18 03:20:00,19587.050666666662,3,0,master01 (192.168.10.201),NET_TX_BW
2025-11-18 03:30:00,19302.52633333333,3,0,master01 (192.168.10.201),NET_TX_BW
2025-11-18 03:40:00,19617.342333333338,3,0,master01 (192.168.10.201),NET_TX_BW
2025-11-18 03:50:00,21089.685666666668,3,0,master01 (192.168.10.201),NET_TX_BW
2025-11-18 04:00:00,21201.655333333332,4,0,master01 (192.168.10.201),NET_TX_BW
2025-11-18 04:10:00,21408.556666666667,4,0,master01 (192.168.10.201),NET_TX_BW
2025-11-18 04:20:00,19587.740333333335,4,0,master01 (192.168.10.201),NET_TX_BW
2025-11-18 04:30:00,21124.588666666667,4,0,master01 (192.168.10.201),NET_TX_BW
2025-11-18 04:40:00,19325.604,4,0,master01 (192.168.10.201),NET_TX_BW
2025-11-18 04:50:00,20336.368666666665,4,0,master01 (192.168.10.201),NET_TX_BW
2025-11-18 05:00:00,20170.647999999997,5,0,master01 (192.168.10.201),NET_TX_BW
2025-11-18 05:10:00,19602.868333333332,5,0,master01 (192.168.10.201),NET_TX_BW
2025-11-18 05:20:00,19762.403666666665,5,0,master01 (192.168.10.201),NET_TX_BW
2025-11-18 05:30:00,21145.894666666667,5,0,master01 (192.168.10.201),NET_TX_BW
2025-11-18 05:40:00,19655.07,5,0,master01 (192.168.10.201),NET_TX_BW
2025-11-18 05:50:00,20381.999,5,0,master01 (192.168.10.201),NET_TX_BW
2025-11-18 06:00:00,20996.518999999997,6,0,master01 (192.168.10.201),NET_TX_BW
2025-11-18 06:10:00,21478.387,6,0,master01 (192.168.10.201),NET_TX_BW
2025-11-18 06:20:00,19648.179,6,0,master01 (192.168.10.201),NET_TX_BW
2025-11-18 06:30:00,21127.671,6,0,master01 (192.168.10.201),NET_TX_BW
2025-11-18 06:40:00,20345.274666666668,6,0,master01 (192.168.10.201),NET_TX_BW
2025-11-18 06:50:00,20702.783666666663,6,0,master01 (192.168.10.201),NET_TX_BW
2025-11-18 07:00:00,20455.642,7,0,master01 (192.168.10.201),NET_TX_BW
2025-11-18 07:10:00,19400.394,7,0,master01 (192.168.10.201),NET_TX_BW
2025-11-18 07:20:00,19257.008,7,0,master01 (192.168.10.201),NET_TX_BW
2025-11-18 07:30:00,19332.132666666665,7,0,master01 (192.168.10.201),NET_TX_BW
2025-11-18 07:40:00,19455.04666666667,7,0,master01 (192.168.10.201),NET_TX_BW
2025-11-18 07:50:00,21034.118,7,0,master01 (192.168.10.201),NET_TX_BW
2025-11-18 08:00:00,20405.42166666667,8,0,master01 (192.168.10.201),NET_TX_BW
2025-11-18 08:10:00,19350.378333333338,8,0,master01 (192.168.10.201),NET_TX_BW
2025-11-18 08:20:00,19877.816666666666,8,0,master01 (192.168.10.201),NET_TX_BW
2025-11-18 08:30:00,21408.675,8,0,master01 (192.168.10.201),NET_TX_BW
2025-11-18 08:40:00,21963.958666666666,8,0,master01 (192.168.10.201),NET_TX_BW
2025-11-18 08:50:00,20666.171333333335,8,0,master01 (192.168.10.201),NET_TX_BW
2025-11-18 09:00:00,21651.71366666667,9,0,master01 (192.168.10.201),NET_TX_BW
2025-11-18 09:10:00,21391.665666666668,9,0,master01 (192.168.10.201),NET_TX_BW
2025-11-18 09:20:00,21853.532333333333,9,0,master01 (192.168.10.201),NET_TX_BW
2025-11-18 09:30:00,19991.61433333333,9,0,master01 (192.168.10.201),NET_TX_BW
2025-11-18 09:40:00,19624.264000000003,9,0,master01 (192.168.10.201),NET_TX_BW
2025-11-18 09:50:00,20540.260666666665,9,0,master01 (192.168.10.201),NET_TX_BW
2025-11-18 10:00:00,19877.078333333335,10,0,master01 (192.168.10.201),NET_TX_BW
2025-11-18 10:10:00,19734.446333333333,10,0,master01 (192.168.10.201),NET_TX_BW
2025-11-18 10:20:00,19640.828,10,0,master01 (192.168.10.201),NET_TX_BW
2025-11-18 10:30:00,19832.020333333337,10,0,master01 (192.168.10.201),NET_TX_BW
2025-11-18 10:40:00,21606.234333333337,10,0,master01 (192.168.10.201),NET_TX_BW
2025-11-18 10:50:00,21598.085666666662,10,0,master01 (192.168.10.201),NET_TX_BW
2025-11-18 11:00:00,20626.110333333338,11,0,master01 (192.168.10.201),NET_TX_BW
2025-11-18 11:10:00,20099.488,11,0,master01 (192.168.10.201),NET_TX_BW
2025-11-18 11:20:00,21926.65,11,0,master01 (192.168.10.201),NET_TX_BW
2025-11-18 11:30:00,21647.272666666664,11,0,master01 (192.168.10.201),NET_TX_BW
2025-11-18 11:40:00,21654.939333333336,11,0,master01 (192.168.10.201),NET_TX_BW
2025-11-18 11:50:00,19948.427333333333,11,0,master01 (192.168.10.201),NET_TX_BW
2025-11-18 12:00:00,21108.48333333333,12,0,master01 (192.168.10.201),NET_TX_BW
2025-11-18 12:10:00,22468.726666666666,12,0,master01 (192.168.10.201),NET_TX_BW
2025-11-18 12:20:00,19721.81,12,0,master01 (192.168.10.201),NET_TX_BW
2025-11-18 12:30:00,20833.011333333336,12,0,master01 (192.168.10.201),NET_TX_BW
2025-11-18 12:40:00,19636.511666666665,12,0,master01 (192.168.10.201),NET_TX_BW
2025-11-18 12:50:00,19592.078666666665,12,0,master01 (192.168.10.201),NET_TX_BW
2025-11-18 13:00:00,20823.747333333333,13,0,master01 (192.168.10.201),NET_TX_BW
2025-11-18 13:10:00,22572.088,13,0,master01 (192.168.10.201),NET_TX_BW
2025-11-18 13:20:00,21709.394999999997,13,0,master01 (192.168.10.201),NET_TX_BW
2025-11-18 13:30:00,20122.961,13,0,master01 (192.168.10.201),NET_TX_BW
2025-11-18 13:40:00,20288.462000000003,13,0,master01 (192.168.10.201),NET_TX_BW
2025-11-18 13:50:00,20268.96766666667,13,0,master01 (192.168.10.201),NET_TX_BW
2025-11-18 14:00:00,22656.964999999997,14,0,master01 (192.168.10.201),NET_TX_BW
2025-11-18 14:10:00,23131.479333333333,14,0,master01 (192.168.10.201),NET_TX_BW
2025-11-18 14:20:00,20934.896,14,0,master01 (192.168.10.201),NET_TX_BW
2025-11-18 14:30:00,22818.036,14,0,master01 (192.168.10.201),NET_TX_BW
2025-11-18 14:40:00,21740.367333333335,14,0,master01 (192.168.10.201),NET_TX_BW
2025-11-18 14:50:00,20570.139333333333,14,0,master01 (192.168.10.201),NET_TX_BW
2025-11-18 15:00:00,20920.075666666664,15,0,master01 (192.168.10.201),NET_TX_BW
2025-11-18 15:10:00,23179.431666666667,15,0,master01 (192.168.10.201),NET_TX_BW
2025-11-18 15:20:00,20374.966,15,0,master01 (192.168.10.201),NET_TX_BW
2025-11-18 15:30:00,22519.496333333333,15,0,master01 (192.168.10.201),NET_TX_BW
2025-11-18 15:40:00,20684.257,15,0,master01 (192.168.10.201),NET_TX_BW
2025-11-18 15:50:00,20328.169,15,0,master01 (192.168.10.201),NET_TX_BW
2025-11-18 16:00:00,22107.784,16,0,master01 (192.168.10.201),NET_TX_BW
2025-11-18 16:10:00,20580.589333333333,16,0,master01 (192.168.10.201),NET_TX_BW
2025-11-18 16:20:00,20235.15666666667,16,0,master01 (192.168.10.201),NET_TX_BW
2025-11-18 16:30:00,22312.23633333333,16,0,master01 (192.168.10.201),NET_TX_BW
2025-11-18 16:40:00,20221.657333333336,16,0,master01 (192.168.10.201),NET_TX_BW
2025-11-18 16:50:00,20248.828333333335,16,0,master01 (192.168.10.201),NET_TX_BW
2025-11-18 17:00:00,22182.662333333337,17,0,master01 (192.168.10.201),NET_TX_BW
2025-11-18 17:10:00,20552.713000000003,17,0,master01 (192.168.10.201),NET_TX_BW
2025-11-18 17:20:00,21996.04,17,0,master01 (192.168.10.201),NET_TX_BW
2025-11-18 17:30:00,22158.421,17,0,master01 (192.168.10.201),NET_TX_BW
2025-11-18 17:40:00,20851.398,17,0,master01 (192.168.10.201),NET_TX_BW
2025-11-18 17:50:00,21162.677666666663,17,0,master01 (192.168.10.201),NET_TX_BW
2025-11-18 18:00:00,21814.631666666664,18,0,master01 (192.168.10.201),NET_TX_BW
2025-11-18 18:10:00,21113.829333333335,18,0,master01 (192.168.10.201),NET_TX_BW
2025-11-18 18:20:00,21860.25233333333,18,0,master01 (192.168.10.201),NET_TX_BW
2025-11-18 18:30:00,21918.488666666664,18,0,master01 (192.168.10.201),NET_TX_BW
2025-11-18 18:40:00,20195.891,18,0,master01 (192.168.10.201),NET_TX_BW
2025-11-18 18:50:00,22065.199999999997,18,0,master01 (192.168.10.201),NET_TX_BW
2025-11-18 19:00:00,21948.364,19,0,master01 (192.168.10.201),NET_TX_BW
2025-11-18 19:10:00,21796.654,19,0,master01 (192.168.10.201),NET_TX_BW
2025-11-18 19:20:00,23845.47933333333,19,0,master01 (192.168.10.201),NET_TX_BW
2025-11-18 19:30:00,23966.117666666665,19,0,master01 (192.168.10.201),NET_TX_BW
2025-11-18 19:40:00,22136.286333333333,19,0,master01 (192.168.10.201),NET_TX_BW
2025-11-18 19:50:00,23307.734333333337,19,0,master01 (192.168.10.201),NET_TX_BW
2025-11-18 20:00:00,22404.136333333332,20,0,master01 (192.168.10.201),NET_TX_BW
2025-11-18 20:10:00,21578.61966666667,20,0,master01 (192.168.10.201),NET_TX_BW
2025-11-18 20:20:00,23974.07833333333,20,0,master01 (192.168.10.201),NET_TX_BW
2025-11-18 20:30:00,22151.153,20,0,master01 (192.168.10.201),NET_TX_BW
2025-11-18 20:40:00,23060.985,20,0,master01 (192.168.10.201),NET_TX_BW
2025-11-18 20:50:00,20695.186333333335,20,0,master01 (192.168.10.201),NET_TX_BW
2025-11-18 21:00:00,20198.715000000004,21,0,master01 (192.168.10.201),NET_TX_BW
2025-11-18 21:10:00,21426.084666666666,21,0,master01 (192.168.10.201),NET_TX_BW
2025-11-18 21:20:00,21888.773333333334,21,0,master01 (192.168.10.201),NET_TX_BW
2025-11-18 21:30:00,21777.792,21,0,master01 (192.168.10.201),NET_TX_BW
2025-11-18 21:40:00,20291.776666666665,21,0,master01 (192.168.10.201),NET_TX_BW
2025-11-18 21:50:00,22126.77033333333,21,0,master01 (192.168.10.201),NET_TX_BW
2025-11-18 22:00:00,20143.24166666667,22,0,master01 (192.168.10.201),NET_TX_BW
2025-11-18 22:10:00,22293.887,22,0,master01 (192.168.10.201),NET_TX_BW
2025-11-18 22:20:00,22193.485999999997,22,0,master01 (192.168.10.201),NET_TX_BW
2025-11-18 22:30:00,22422.031666666662,22,0,master01 (192.168.10.201),NET_TX_BW
2025-11-18 22:40:00,20315.075666666668,22,0,master01 (192.168.10.201),NET_TX_BW
2025-11-18 22:50:00,19936.432,22,0,master01 (192.168.10.201),NET_TX_BW
2025-11-18 23:00:00,20283.671,23,0,master01 (192.168.10.201),NET_TX_BW
2025-11-18 23:10:00,19864.18833333333,23,0,master01 (192.168.10.201),NET_TX_BW
2025-11-18 23:20:00,21745.110666666667,23,0,master01 (192.168.10.201),NET_TX_BW
2025-11-18 23:30:00,19938.851333333332,23,0,master01 (192.168.10.201),NET_TX_BW
2025-11-18 23:40:00,21459.853,23,0,master01 (192.168.10.201),NET_TX_BW
2025-11-18 23:50:00,19947.884,23,0,master01 (192.168.10.201),NET_TX_BW
2025-11-19 00:00:00,19684.306333333338,0,0,master01 (192.168.10.201),NET_TX_BW
2025-11-19 00:10:00,20623.363,0,0,master01 (192.168.10.201),NET_TX_BW
2025-11-19 00:20:00,21268.004666666668,0,0,master01 (192.168.10.201),NET_TX_BW
2025-11-19 00:30:00,20170.824666666667,0,0,master01 (192.168.10.201),NET_TX_BW
2025-11-19 00:40:00,21387.127333333337,0,0,master01 (192.168.10.201),NET_TX_BW
2025-11-19 00:50:00,19858.663333333338,0,0,master01 (192.168.10.201),NET_TX_BW
2025-11-19 01:00:00,19516.798333333332,1,0,master01 (192.168.10.201),NET_TX_BW
2025-11-19 01:10:00,22654.421666666665,1,0,master01 (192.168.10.201),NET_TX_BW
2025-11-19 01:20:00,21100.634333333335,1,0,master01 (192.168.10.201),NET_TX_BW
2025-11-19 01:30:00,20786.672,1,0,master01 (192.168.10.201),NET_TX_BW
2025-11-19 01:40:00,21227.378666666664,1,0,master01 (192.168.10.201),NET_TX_BW
2025-11-19 01:50:00,23044.021666666667,1,0,master01 (192.168.10.201),NET_TX_BW
2025-11-19 02:00:00,20968.344666666668,2,0,master01 (192.168.10.201),NET_TX_BW
2025-11-19 02:10:00,21230.63333333333,2,0,master01 (192.168.10.201),NET_TX_BW
2025-11-19 02:20:00,22601.13766666667,2,0,master01 (192.168.10.201),NET_TX_BW
2025-11-19 02:30:00,19217.085,2,0,master01 (192.168.10.201),NET_TX_BW
2025-11-19 02:40:00,20436.04,2,0,master01 (192.168.10.201),NET_TX_BW
2025-11-19 02:50:00,20863.049,2,0,master01 (192.168.10.201),NET_TX_BW
2025-11-19 03:00:00,21703.873,3,0,master01 (192.168.10.201),NET_TX_BW
2025-11-19 03:10:00,21458.720666666668,3,0,master01 (192.168.10.201),NET_TX_BW
2025-11-19 03:20:00,19759.85733333333,3,0,master01 (192.168.10.201),NET_TX_BW
2025-11-19 03:30:00,19695.275666666665,3,0,master01 (192.168.10.201),NET_TX_BW
2025-11-19 03:40:00,19814.939999999995,3,0,master01 (192.168.10.201),NET_TX_BW
2025-11-19 03:50:00,19611.033333333333,3,0,master01 (192.168.10.201),NET_TX_BW
2025-11-19 04:00:00,21302.184666666664,4,0,master01 (192.168.10.201),NET_TX_BW
2025-11-19 04:10:00,21291.701333333334,4,0,master01 (192.168.10.201),NET_TX_BW
2025-11-19 04:20:00,21324.165666666668,4,0,master01 (192.168.10.201),NET_TX_BW
2025-11-19 04:30:00,20037.019999999997,4,0,master01 (192.168.10.201),NET_TX_BW
2025-11-19 04:40:00,21488.318666666662,4,0,master01 (192.168.10.201),NET_TX_BW
2025-11-19 04:50:00,20033.5,4,0,master01 (192.168.10.201),NET_TX_BW
2025-11-19 05:00:00,19586.644666666667,5,0,master01 (192.168.10.201),NET_TX_BW
2025-11-19 05:10:00,19604.343,5,0,master01 (192.168.10.201),NET_TX_BW
2025-11-19 05:20:00,19518.359,5,0,master01 (192.168.10.201),NET_TX_BW
2025-11-19 05:30:00,21221.874666666663,5,0,master01 (192.168.10.201),NET_TX_BW
2025-11-19 05:40:00,21330.248333333333,5,0,master01 (192.168.10.201),NET_TX_BW
2025-11-19 05:50:00,20599.636,5,0,master01 (192.168.10.201),NET_TX_BW
2025-11-19 06:00:00,22980.30166666667,6,0,master01 (192.168.10.201),NET_TX_BW
2025-11-19 06:10:00,19706.316666666666,6,0,master01 (192.168.10.201),NET_TX_BW
2025-11-19 06:20:00,21053.699,6,0,master01 (192.168.10.201),NET_TX_BW
2025-11-19 06:30:00,19662.214666666667,6,0,master01 (192.168.10.201),NET_TX_BW
2025-11-19 06:40:00,20867.75766666667,6,0,master01 (192.168.10.201),NET_TX_BW
2025-11-19 06:50:00,22370.581,6,0,master01 (192.168.10.201),NET_TX_BW
2025-11-19 07:00:00,20252.234000000004,7,0,master01 (192.168.10.201),NET_TX_BW
2025-11-19 07:10:00,19493.426,7,0,master01 (192.168.10.201),NET_TX_BW
2025-11-19 07:20:00,19555.058333333334,7,0,master01 (192.168.10.201),NET_TX_BW
2025-11-19 07:30:00,19522.640999999996,7,0,master01 (192.168.10.201),NET_TX_BW
2025-11-19 07:40:00,19414.467333333338,7,0,master01 (192.168.10.201),NET_TX_BW
2025-11-19 07:50:00,22751.978,7,0,master01 (192.168.10.201),NET_TX_BW
2025-11-19 08:00:00,21251.266,8,0,master01 (192.168.10.201),NET_TX_BW
2025-11-19 08:10:00,21480.274,8,0,master01 (192.168.10.201),NET_TX_BW
2025-11-19 08:20:00,19881.406000000003,8,0,master01 (192.168.10.201),NET_TX_BW
2025-11-19 08:30:00,23012.137,8,0,master01 (192.168.10.201),NET_TX_BW
2025-11-19 08:40:00,20074.524333333335,8,0,master01 (192.168.10.201),NET_TX_BW
2025-11-19 08:50:00,21486.024,8,0,master01 (192.168.10.201),NET_TX_BW
2025-11-19 09:00:00,20737.59,9,0,master01 (192.168.10.201),NET_TX_BW
2025-11-19 09:10:00,21200.543666666665,9,0,master01 (192.168.10.201),NET_TX_BW
2025-11-19 09:20:00,19935.455333333335,9,0,master01 (192.168.10.201),NET_TX_BW
2025-11-19 09:30:00,21151.770333333337,9,0,master01 (192.168.10.201),NET_TX_BW
2025-11-19 09:40:00,20044.948,9,0,master01 (192.168.10.201),NET_TX_BW
2025-11-19 09:50:00,23027.23966666667,9,0,master01 (192.168.10.201),NET_TX_BW
2025-11-19 10:00:00,19333.498,10,0,master01 (192.168.10.201),NET_TX_BW
2025-11-19 10:10:00,19198.128666666664,10,0,master01 (192.168.10.201),NET_TX_BW
2025-11-19 10:20:00,23092.397000000004,10,0,master01 (192.168.10.201),NET_TX_BW
2025-11-19 10:30:00,20321.333,10,0,master01 (192.168.10.201),NET_TX_BW
2025-11-19 10:40:00,22126.09633333333,10,0,master01 (192.168.10.201),NET_TX_BW
2025-11-19 10:50:00,20903.397666666664,10,0,master01 (192.168.10.201),NET_TX_BW
2025-11-19 11:00:00,21187.355666666663,11,0,master01 (192.168.10.201),NET_TX_BW
2025-11-19 11:10:00,21286.06,11,0,master01 (192.168.10.201),NET_TX_BW
2025-11-19 11:20:00,23294.22,11,0,master01 (192.168.10.201),NET_TX_BW
2025-11-19 11:30:00,20860.662999999997,11,0,master01 (192.168.10.201),NET_TX_BW
2025-11-19 11:40:00,19725.518333333333,11,0,master01 (192.168.10.201),NET_TX_BW
2025-11-19 11:50:00,19719.211666666662,11,0,master01 (192.168.10.201),NET_TX_BW
2025-11-19 12:00:00,19808.936333333335,12,0,master01 (192.168.10.201),NET_TX_BW
2025-11-19 12:10:00,21267.337666666663,12,0,master01 (192.168.10.201),NET_TX_BW
2025-11-19 12:20:00,22315.805333333337,12,0,master01 (192.168.10.201),NET_TX_BW
2025-11-19 12:30:00,20303.831666666665,12,0,master01 (192.168.10.201),NET_TX_BW
2025-11-19 12:40:00,21158.812666666665,12,0,master01 (192.168.10.201),NET_TX_BW
2025-11-19 12:50:00,19332.360666666667,12,0,master01 (192.168.10.201),NET_TX_BW
2025-11-19 13:00:00,19162.185333333335,13,0,master01 (192.168.10.201),NET_TX_BW
2025-11-19 13:10:00,20022.945,13,0,master01 (192.168.10.201),NET_TX_BW
2025-11-19 13:20:00,20279.395,13,0,master01 (192.168.10.201),NET_TX_BW
2025-11-19 13:30:00,21904.56,13,0,master01 (192.168.10.201),NET_TX_BW
2025-11-19 13:40:00,21790.74166666667,13,0,master01 (192.168.10.201),NET_TX_BW
2025-11-19 13:50:00,20386.085333333333,13,0,master01 (192.168.10.201),NET_TX_BW
2025-11-19 14:00:00,20020.876333333337,14,0,master01 (192.168.10.201),NET_TX_BW
2025-11-19 14:10:00,21661.557666666668,14,0,master01 (192.168.10.201),NET_TX_BW
2025-11-19 14:20:00,20464.18433333333,14,0,master01 (192.168.10.201),NET_TX_BW
